test_ar_order,lag,strength,is_within_ar_order,base_mse_to_conditional_mean,mse_after_gaussian_perturbation,mse_increase_after_gaussian_perturbation
1,1,0.0,1,0.15552982687950134,0.15552982687950134,0.0
1,1,0.25,1,0.15552982687950134,0.1861264407634735,0.030596613883972168
1,1,0.5,1,0.15552982687950134,0.27640604972839355,0.12087622284889221
1,1,1.0,1,0.15552982687950134,0.6093690395355225,0.4538392126560211
1,1,2.0,1,0.15552982687950134,1.5803359746932983,1.424806147813797
1,2,0.0,0,0.15552982687950134,0.15552982687950134,0.0
1,2,0.25,0,0.15552982687950134,0.16111783683300018,0.00558800995349884
1,2,0.5,0,0.15552982687950134,0.1792747974395752,0.023744970560073853
1,2,1.0,0,0.15552982687950134,0.27171650528907776,0.11618667840957642
1,2,2.0,0,0.15552982687950134,0.7287698984146118,0.5732400715351105
1,3,0.0,0,0.15552982687950134,0.15552982687950134,0.0
1,3,0.25,0,0.15552982687950134,0.15968073904514313,0.004150912165641785
1,3,0.5,0,0.15552982687950134,0.17103813588619232,0.015508309006690979
1,3,1.0,0,0.15552982687950134,0.21365226805210114,0.05812244117259979
1,3,2.0,0,0.15552982687950134,0.3616006672382355,0.20607084035873413
1,4,0.0,0,0.15552982687950134,0.15552982687950134,0.0
1,4,0.25,0,0.15552982687950134,0.159209206700325,0.0036793798208236694
1,4,0.5,0,0.15552982687950134,0.16631221771240234,0.010782390832901001
1,4,1.0,0,0.15552982687950134,0.19064877927303314,0.0351189523935318
1,4,2.0,0,0.15552982687950134,0.28206610679626465,0.1265362799167633
1,5,0.0,0,0.15552982687950134,0.15552982687950134,0.0
1,5,0.25,0,0.15552982687950134,0.1561252325773239,0.0005954056978225708
1,5,0.5,0,0.15552982687950134,0.15758036077022552,0.002050533890724182
1,5,1.0,0,0.15552982687950134,0.16234154999256134,0.0068117231130599976
1,5,2.0,0,0.15552982687950134,0.17861416935920715,0.02308434247970581
1,6,0.0,0,0.15552982687950134,0.15552982687950134,0.0
1,6,0.25,0,0.15552982687950134,0.15651215612888336,0.000982329249382019
1,6,0.5,0,0.15552982687950134,0.15885770320892334,0.003327876329421997
1,6,1.0,0,0.15552982687950134,0.16710764169692993,0.011577814817428589
1,6,2.0,0,0.15552982687950134,0.18893343210220337,0.033403605222702026
1,7,0.0,0,0.15552982687950134,0.15552982687950134,0.0
1,7,0.25,0,0.15552982687950134,0.1564539521932602,0.0009241253137588501
1,7,0.5,0,0.15552982687950134,0.1581062376499176,0.0025764107704162598
1,7,1.0,0,0.15552982687950134,0.16323743760585785,0.007707610726356506
1,7,2.0,0,0.15552982687950134,0.17980583012104034,0.024276003241539
1,8,0.0,0,0.15552982687950134,0.15552982687950134,0.0
1,8,0.25,0,0.15552982687950134,0.15583404898643494,0.00030422210693359375
1,8,0.5,0,0.15552982687950134,0.1571236252784729,0.0015937983989715576
1,8,1.0,0,0.15552982687950134,0.16236959397792816,0.006839767098426819
1,8,2.0,0,0.15552982687950134,0.17782635986804962,0.02229653298854828
1,9,0.0,0,0.15552982687950134,0.15552982687950134,0.0
1,9,0.25,0,0.15552982687950134,0.15512269735336304,-0.00040712952613830566
1,9,0.5,0,0.15552982687950134,0.15534496307373047,-0.00018486380577087402
1,9,1.0,0,0.15552982687950134,0.15695059299468994,0.0014207661151885986
1,9,2.0,0,0.15552982687950134,0.1662081927061081,0.01067836582660675
1,10,0.0,0,0.15552982687950134,0.15552982687950134,0.0
1,10,0.25,0,0.15552982687950134,0.15568703413009644,0.00015720725059509277
1,10,0.5,0,0.15552982687950134,0.1564348340034485,0.0009050071239471436
1,10,1.0,0,0.15552982687950134,0.15882526338100433,0.0032954365015029907
1,10,2.0,0,0.15552982687950134,0.16846734285354614,0.0129375159740448
1,11,0.0,0,0.15552982687950134,0.15552982687950134,0.0
1,11,0.25,0,0.15552982687950134,0.15518510341644287,-0.0003447234630584717
1,11,0.5,0,0.15552982687950134,0.1551772803068161,-0.0003525465726852417
1,11,1.0,0,0.15552982687950134,0.15651367604732513,0.0009838491678237915
1,11,2.0,0,0.15552982687950134,0.16561181843280792,0.01008199155330658
1,12,0.0,0,0.15552982687950134,0.15552982687950134,0.0
1,12,0.25,0,0.15552982687950134,0.15494035184383392,-0.0005894750356674194
1,12,0.5,0,0.15552982687950134,0.15500682592391968,-0.000523000955581665
1,12,1.0,0,0.15552982687950134,0.15733353793621063,0.0018037110567092896
1,12,2.0,0,0.15552982687950134,0.16772103309631348,0.012191206216812134
1,13,0.0,0,0.15552982687950134,0.15552982687950134,0.0
1,13,0.25,0,0.15552982687950134,0.1558237373828888,0.00029391050338745117
1,13,0.5,0,0.15552982687950134,0.1561073362827301,0.0005775094032287598
1,13,1.0,0,0.15552982687950134,0.15788446366786957,0.002354636788368225
1,13,2.0,0,0.15552982687950134,0.16932246088981628,0.013792634010314941
1,14,0.0,0,0.15552982687950134,0.15552982687950134,0.0
1,14,0.25,0,0.15552982687950134,0.156107097864151,0.0005772709846496582
1,14,0.5,0,0.15552982687950134,0.1570826768875122,0.0015528500080108643
1,14,1.0,0,0.15552982687950134,0.16027814149856567,0.004748314619064331
1,14,2.0,0,0.15552982687950134,0.17089420557022095,0.015364378690719604
1,15,0.0,0,0.15552982687950134,0.15552982687950134,0.0
1,15,0.25,0,0.15552982687950134,0.1557256579399109,0.0001958310604095459
1,15,0.5,0,0.15552982687950134,0.15638525784015656,0.0008554309606552124
1,15,1.0,0,0.15552982687950134,0.1584576964378357,0.0029278695583343506
1,15,2.0,0,0.15552982687950134,0.16833247244358063,0.012802645564079285
1,16,0.0,0,0.15552982687950134,0.15552982687950134,0.0
1,16,0.25,0,0.15552982687950134,0.15662112832069397,0.001091301441192627
1,16,0.5,0,0.15552982687950134,0.15812397003173828,0.0025941431522369385
1,16,1.0,0,0.15552982687950134,0.16144071519374847,0.005910888314247131
1,16,2.0,0,0.15552982687950134,0.17022673785686493,0.014696910977363586
1,17,0.0,0,0.15552982687950134,0.15552982687950134,0.0
1,17,0.25,0,0.15552982687950134,0.15599024295806885,0.0004604160785675049
1,17,0.5,0,0.15552982687950134,0.1564699113368988,0.0009400844573974609
1,17,1.0,0,0.15552982687950134,0.15851181745529175,0.0029819905757904053
1,17,2.0,0,0.15552982687950134,0.16962596774101257,0.01409614086151123
1,18,0.0,0,0.15552982687950134,0.15552982687950134,0.0
1,18,0.25,0,0.15552982687950134,0.15561728179454803,8.74549150466919e-05
1,18,0.5,0,0.15552982687950134,0.156087264418602,0.000557437539100647
1,18,1.0,0,0.15552982687950134,0.15845638513565063,0.002926558256149292
1,18,2.0,0,0.15552982687950134,0.1656520813703537,0.010122254490852356
1,19,0.0,0,0.15552982687950134,0.15552982687950134,0.0
1,19,0.25,0,0.15552982687950134,0.1562541425228119,0.0007243156433105469
1,19,0.5,0,0.15552982687950134,0.15718574821949005,0.0016559213399887085
1,19,1.0,0,0.15552982687950134,0.15989047288894653,0.00436064600944519
1,19,2.0,0,0.15552982687950134,0.16796201467514038,0.012432187795639038
1,20,0.0,0,0.15552982687950134,0.15552982687950134,0.0
1,20,0.25,0,0.15552982687950134,0.1561231166124344,0.0005932897329330444
1,20,0.5,0,0.15552982687950134,0.15729647874832153,0.0017666518688201904
1,20,1.0,0,0.15552982687950134,0.16058863699436188,0.005058810114860535
1,20,2.0,0,0.15552982687950134,0.1670476794242859,0.011517852544784546
1,21,0.0,0,0.15552982687950134,0.15552982687950134,0.0
1,21,0.25,0,0.15552982687950134,0.1557122766971588,0.0001824498176574707
1,21,0.5,0,0.15552982687950134,0.15621218085289001,0.0006823539733886719
1,21,1.0,0,0.15552982687950134,0.15693171322345734,0.0014018863439559937
1,21,2.0,0,0.15552982687950134,0.16321083903312683,0.007681012153625488
1,22,0.0,0,0.15552982687950134,0.15552982687950134,0.0
1,22,0.25,0,0.15552982687950134,0.1557912975549698,0.0002614706754684448
1,22,0.5,0,0.15552982687950134,0.15628232061862946,0.0007524937391281128
1,22,1.0,0,0.15552982687950134,0.1580258160829544,0.002495989203453064
1,22,2.0,0,0.15552982687950134,0.1644241064786911,0.008894279599189758
1,23,0.0,0,0.15552982687950134,0.15552982687950134,0.0
1,23,0.25,0,0.15552982687950134,0.1554485261440277,-8.130073547363281e-05
1,23,0.5,0,0.15552982687950134,0.15549002587795258,-3.980100154876709e-05
1,23,1.0,0,0.15552982687950134,0.15575027465820312,0.00022044777870178223
1,23,2.0,0,0.15552982687950134,0.16091929376125336,0.005389466881752014
1,24,0.0,0,0.15552982687950134,0.15552982687950134,0.0
1,24,0.25,0,0.15552982687950134,0.15571226179599762,0.00018243491649627686
1,24,0.5,0,0.15552982687950134,0.15570880472660065,0.0001789778470993042
1,24,1.0,0,0.15552982687950134,0.1564660519361496,0.0009362250566482544
1,24,2.0,0,0.15552982687950134,0.16184332966804504,0.006313502788543701
1,25,0.0,0,0.15552982687950134,0.15552982687950134,0.0
1,25,0.25,0,0.15552982687950134,0.15593264997005463,0.0004028230905532837
1,25,0.5,0,0.15552982687950134,0.15657377243041992,0.001043945550918579
1,25,1.0,0,0.15552982687950134,0.15865173935890198,0.0031219124794006348
1,25,2.0,0,0.15552982687950134,0.1682368814945221,0.012707054615020752
1,26,0.0,0,0.15552982687950134,0.15552982687950134,0.0
1,26,0.25,0,0.15552982687950134,0.1562574952840805,0.0007276684045791626
1,26,0.5,0,0.15552982687950134,0.15729553997516632,0.001765713095664978
1,26,1.0,0,0.15552982687950134,0.15990296006202698,0.004373133182525635
1,26,2.0,0,0.15552982687950134,0.16751092672348022,0.011981099843978882
1,27,0.0,0,0.15552982687950134,0.15552982687950134,0.0
1,27,0.25,0,0.15552982687950134,0.15573300421237946,0.0002031773328781128
1,27,0.5,0,0.15552982687950134,0.15598569810390472,0.00045587122440338135
1,27,1.0,0,0.15552982687950134,0.15692822635173798,0.0013983994722366333
1,27,2.0,0,0.15552982687950134,0.16269513964653015,0.007165312767028809
1,28,0.0,0,0.15552982687950134,0.15552982687950134,0.0
1,28,0.25,0,0.15552982687950134,0.155223086476326,-0.000306740403175354
1,28,0.5,0,0.15552982687950134,0.15516149997711182,-0.00036832690238952637
1,28,1.0,0,0.15552982687950134,0.15623117983341217,0.0007013529539108276
1,28,2.0,0,0.15552982687950134,0.16380871832370758,0.008278891444206238
1,29,0.0,0,0.15552982687950134,0.15552982687950134,0.0
1,29,0.25,0,0.15552982687950134,0.1553829312324524,-0.0001468956470489502
1,29,0.5,0,0.15552982687950134,0.15524980425834656,-0.00028002262115478516
1,29,1.0,0,0.15552982687950134,0.1557186096906662,0.00018878281116485596
1,29,2.0,0,0.15552982687950134,0.16107997298240662,0.0055501461029052734
1,30,0.0,0,0.15552982687950134,0.15552982687950134,0.0
1,30,0.25,0,0.15552982687950134,0.155541330575943,1.150369644165039e-05
1,30,0.5,0,0.15552982687950134,0.15568464994430542,0.00015482306480407715
1,30,1.0,0,0.15552982687950134,0.15674187242984772,0.0012120455503463745
1,30,2.0,0,0.15552982687950134,0.16365571320056915,0.00812588632106781
1,31,0.0,0,0.15552982687950134,0.15552982687950134,0.0
1,31,0.25,0,0.15552982687950134,0.15543833374977112,-9.149312973022461e-05
1,31,0.5,0,0.15552982687950134,0.15545251965522766,-7.730722427368164e-05
1,31,1.0,0,0.15552982687950134,0.15706560015678406,0.0015357732772827148
1,31,2.0,0,0.15552982687950134,0.16536082327365875,0.00983099639415741
1,32,0.0,0,0.15552982687950134,0.15552982687950134,0.0
1,32,0.25,0,0.15552982687950134,0.15593281388282776,0.000402987003326416
1,32,0.5,0,0.15552982687950134,0.1566799134016037,0.001150086522102356
1,32,1.0,0,0.15552982687950134,0.15893295407295227,0.0034031271934509277
1,32,2.0,0,0.15552982687950134,0.1664116233587265,0.010881796479225159
2,1,0.0,1,0.19104883074760437,0.19104883074760437,0.0
2,1,0.25,1,0.19104883074760437,0.24320371448993683,0.05215488374233246
2,1,0.5,1,0.19104883074760437,0.4038051962852478,0.21275636553764343
2,1,1.0,1,0.19104883074760437,0.9732177257537842,0.7821688950061798
2,1,2.0,1,0.19104883074760437,2.484337329864502,2.2932884991168976
2,2,0.0,1,0.19104883074760437,0.19104883074760437,0.0
2,2,0.25,1,0.19104883074760437,0.22436414659023285,0.03331531584262848
2,2,0.5,1,0.19104883074760437,0.3197619915008545,0.12871316075325012
2,2,1.0,1,0.19104883074760437,0.6696721315383911,0.47862330079078674
2,2,2.0,1,0.19104883074760437,1.8389332294464111,1.6478843986988068
2,3,0.0,0,0.19104883074760437,0.19104883074760437,0.0
2,3,0.25,0,0.19104883074760437,0.2054590880870819,0.014410257339477539
2,3,0.5,0,0.19104883074760437,0.240193709731102,0.04914487898349762
2,3,1.0,0,0.19104883074760437,0.36827388405799866,0.1772250533103943
2,3,2.0,0,0.19104883074760437,0.7767012119293213,0.5856523811817169
2,4,0.0,0,0.19104883074760437,0.19104883074760437,0.0
2,4,0.25,0,0.19104883074760437,0.19790172576904297,0.006852895021438599
2,4,0.5,0,0.19104883074760437,0.216264009475708,0.025215178728103638
2,4,1.0,0,0.19104883074760437,0.2821235954761505,0.09107476472854614
2,4,2.0,0,0.19104883074760437,0.4988958239555359,0.3078469932079315
2,5,0.0,0,0.19104883074760437,0.19104883074760437,0.0
2,5,0.25,0,0.19104883074760437,0.1937466561794281,0.0026978254318237305
2,5,0.5,0,0.19104883074760437,0.20088215172290802,0.00983332097530365
2,5,1.0,0,0.19104883074760437,0.22568045556545258,0.034631624817848206
2,5,2.0,0,0.19104883074760437,0.28402623534202576,0.09297740459442139
2,6,0.0,0,0.19104883074760437,0.19104883074760437,0.0
2,6,0.25,0,0.19104883074760437,0.19190607964992523,0.0008572489023208618
2,6,0.5,0,0.19104883074760437,0.1959206908941269,0.004871860146522522
2,6,1.0,0,0.19104883074760437,0.21320228278636932,0.022153452038764954
2,6,2.0,0,0.19104883074760437,0.26689624786376953,0.07584741711616516
2,7,0.0,0,0.19104883074760437,0.19104883074760437,0.0
2,7,0.25,0,0.19104883074760437,0.1906304955482483,-0.0004183351993560791
2,7,0.5,0,0.19104883074760437,0.19268248975276947,0.0016336590051651
2,7,1.0,0,0.19104883074760437,0.20260478556156158,0.011555954813957214
2,7,2.0,0,0.19104883074760437,0.24606727063655853,0.05501843988895416
2,8,0.0,0,0.19104883074760437,0.19104883074760437,0.0
2,8,0.25,0,0.19104883074760437,0.19309937953948975,0.002050548791885376
2,8,0.5,0,0.19104883074760437,0.19810298085212708,0.007054150104522705
2,8,1.0,0,0.19104883074760437,0.21494527161121368,0.023896440863609314
2,8,2.0,0,0.19104883074760437,0.2562003433704376,0.06515151262283325
2,9,0.0,0,0.19104883074760437,0.19104883074760437,0.0
2,9,0.25,0,0.19104883074760437,0.1919064074754715,0.0008575767278671265
2,9,0.5,0,0.19104883074760437,0.19543622434139252,0.004387393593788147
2,9,1.0,0,0.19104883074760437,0.20818577706813812,0.017136946320533752
2,9,2.0,0,0.19104883074760437,0.249210923910141,0.05816209316253662
2,10,0.0,0,0.19104883074760437,0.19104883074760437,0.0
2,10,0.25,0,0.19104883074760437,0.19144514203071594,0.00039631128311157227
2,10,0.5,0,0.19104883074760437,0.1941494196653366,0.0031005889177322388
2,10,1.0,0,0.19104883074760437,0.20551128685474396,0.014462456107139587
2,10,2.0,0,0.19104883074760437,0.24144631624221802,0.05039748549461365
2,11,0.0,0,0.19104883074760437,0.19104883074760437,0.0
2,11,0.25,0,0.19104883074760437,0.19287854433059692,0.0018297135829925537
2,11,0.5,0,0.19104883074760437,0.196881964802742,0.005833134055137634
2,11,1.0,0,0.19104883074760437,0.20905642211437225,0.018007591366767883
2,11,2.0,0,0.19104883074760437,0.24923564493656158,0.058186814188957214
2,12,0.0,0,0.19104883074760437,0.19104883074760437,0.0
2,12,0.25,0,0.19104883074760437,0.19116704165935516,0.00011821091175079346
2,12,0.5,0,0.19104883074760437,0.19376622140407562,0.0027173906564712524
2,12,1.0,0,0.19104883074760437,0.20405669510364532,0.013007864356040955
2,12,2.0,0,0.19104883074760437,0.23626229166984558,0.04521346092224121
2,13,0.0,0,0.19104883074760437,0.19104883074760437,0.0
2,13,0.25,0,0.19104883074760437,0.19147181510925293,0.00042298436164855957
2,13,0.5,0,0.19104883074760437,0.1937311440706253,0.002682313323020935
2,13,1.0,0,0.19104883074760437,0.20390276610851288,0.012853935360908508
2,13,2.0,0,0.19104883074760437,0.24259817600250244,0.05154934525489807
2,14,0.0,0,0.19104883074760437,0.19104883074760437,0.0
2,14,0.25,0,0.19104883074760437,0.19211700558662415,0.0010681748390197754
2,14,0.5,0,0.19104883074760437,0.1950206607580185,0.0039718300104141235
2,14,1.0,0,0.19104883074760437,0.20678485929965973,0.01573602855205536
2,14,2.0,0,0.19104883074760437,0.2418455332517624,0.05079670250415802
2,15,0.0,0,0.19104883074760437,0.19104883074760437,0.0
2,15,0.25,0,0.19104883074760437,0.19184647500514984,0.0007976442575454712
2,15,0.5,0,0.19104883074760437,0.1943827122449875,0.0033338814973831177
2,15,1.0,0,0.19104883074760437,0.20432457327842712,0.013275742530822754
2,15,2.0,0,0.19104883074760437,0.2397264540195465,0.04867762327194214
2,16,0.0,0,0.19104883074760437,0.19104883074760437,0.0
2,16,0.25,0,0.19104883074760437,0.19268549978733063,0.0016366690397262573
2,16,0.5,0,0.19104883074760437,0.19605012238025665,0.005001291632652283
2,16,1.0,0,0.19104883074760437,0.20755265653133392,0.016503825783729553
2,16,2.0,0,0.19104883074760437,0.2417035549879074,0.05065472424030304
2,17,0.0,0,0.19104883074760437,0.19104883074760437,0.0
2,17,0.25,0,0.19104883074760437,0.19066663086414337,-0.00038219988346099854
2,17,0.5,0,0.19104883074760437,0.19184577465057373,0.0007969439029693604
2,17,1.0,0,0.19104883074760437,0.20041167736053467,0.009362846612930298
2,17,2.0,0,0.19104883074760437,0.23466971516609192,0.04362088441848755
2,18,0.0,0,0.19104883074760437,0.19104883074760437,0.0
2,18,0.25,0,0.19104883074760437,0.1916274130344391,0.0005785822868347168
2,18,0.5,0,0.19104883074760437,0.19427353143692017,0.003224700689315796
2,18,1.0,0,0.19104883074760437,0.20427152514457703,0.013222694396972656
2,18,2.0,0,0.19104883074760437,0.23151008784770966,0.040461257100105286
2,19,0.0,0,0.19104883074760437,0.19104883074760437,0.0
2,19,0.25,0,0.19104883074760437,0.19086319208145142,-0.0001856386661529541
2,19,0.5,0,0.19104883074760437,0.19283254444599152,0.001783713698387146
2,19,1.0,0,0.19104883074760437,0.20200806856155396,0.010959237813949585
2,19,2.0,0,0.19104883074760437,0.23294241726398468,0.04189358651638031
2,20,0.0,0,0.19104883074760437,0.19104883074760437,0.0
2,20,0.25,0,0.19104883074760437,0.19159726798534393,0.000548437237739563
2,20,0.5,0,0.19104883074760437,0.19371631741523743,0.0026674866676330566
2,20,1.0,0,0.19104883074760437,0.20192289352416992,0.010874062776565552
2,20,2.0,0,0.19104883074760437,0.22553779184818268,0.03448896110057831
2,21,0.0,0,0.19104883074760437,0.19104883074760437,0.0
2,21,0.25,0,0.19104883074760437,0.19199582934379578,0.0009469985961914062
2,21,0.5,0,0.19104883074760437,0.19369283318519592,0.0026440024375915527
2,21,1.0,0,0.19104883074760437,0.20018362998962402,0.009134799242019653
2,21,2.0,0,0.19104883074760437,0.2312547117471695,0.040205880999565125
2,22,0.0,0,0.19104883074760437,0.19104883074760437,0.0
2,22,0.25,0,0.19104883074760437,0.19148017466068268,0.0004313439130783081
2,22,0.5,0,0.19104883074760437,0.19366762042045593,0.0026187896728515625
2,22,1.0,0,0.19104883074760437,0.20238211750984192,0.011333286762237549
2,22,2.0,0,0.19104883074760437,0.22551855444908142,0.03446972370147705
2,23,0.0,0,0.19104883074760437,0.19104883074760437,0.0
2,23,0.25,0,0.19104883074760437,0.1923542320728302,0.00130540132522583
2,23,0.5,0,0.19104883074760437,0.19524000585079193,0.004191175103187561
2,23,1.0,0,0.19104883074760437,0.2051938772201538,0.014145046472549438
2,23,2.0,0,0.19104883074760437,0.23584753274917603,0.044798702001571655
2,24,0.0,0,0.19104883074760437,0.19104883074760437,0.0
2,24,0.25,0,0.19104883074760437,0.19209453463554382,0.0010457038879394531
2,24,0.5,0,0.19104883074760437,0.19431665539741516,0.003267824649810791
2,24,1.0,0,0.19104883074760437,0.20175053179264069,0.010701701045036316
2,24,2.0,0,0.19104883074760437,0.22571775317192078,0.034668922424316406
2,25,0.0,0,0.19104883074760437,0.19104883074760437,0.0
2,25,0.25,0,0.19104883074760437,0.1915033608675003,0.00045453011989593506
2,25,0.5,0,0.19104883074760437,0.19282764196395874,0.0017788112163543701
2,25,1.0,0,0.19104883074760437,0.19842475652694702,0.007375925779342651
2,25,2.0,0,0.19104883074760437,0.22255560755729675,0.03150677680969238
2,26,0.0,0,0.19104883074760437,0.19104883074760437,0.0
2,26,0.25,0,0.19104883074760437,0.19185346364974976,0.0008046329021453857
2,26,0.5,0,0.19104883074760437,0.1939350962638855,0.002886265516281128
2,26,1.0,0,0.19104883074760437,0.20111167430877686,0.010062843561172485
2,26,2.0,0,0.19104883074760437,0.2249145656824112,0.033865734934806824
2,27,0.0,0,0.19104883074760437,0.19104883074760437,0.0
2,27,0.25,0,0.19104883074760437,0.19135108590126038,0.00030225515365600586
2,27,0.5,0,0.19104883074760437,0.19269968569278717,0.0016508549451828003
2,27,1.0,0,0.19104883074760437,0.199072003364563,0.008023172616958618
2,27,2.0,0,0.19104883074760437,0.22666853666305542,0.03561970591545105
2,28,0.0,0,0.19104883074760437,0.19104883074760437,0.0
2,28,0.25,0,0.19104883074760437,0.19255207479000092,0.0015032440423965454
2,28,0.5,0,0.19104883074760437,0.1959277093410492,0.004878878593444824
2,28,1.0,0,0.19104883074760437,0.20639556646347046,0.015346735715866089
2,28,2.0,0,0.19104883074760437,0.2350587695837021,0.04400993883609772
2,29,0.0,0,0.19104883074760437,0.19104883074760437,0.0
2,29,0.25,0,0.19104883074760437,0.19158823788166046,0.0005394071340560913
2,29,0.5,0,0.19104883074760437,0.19303691387176514,0.0019880831241607666
2,29,1.0,0,0.19104883074760437,0.19841724634170532,0.007368415594100952
2,29,2.0,0,0.19104883074760437,0.22085072100162506,0.02980189025402069
2,30,0.0,0,0.19104883074760437,0.19104883074760437,0.0
2,30,0.25,0,0.19104883074760437,0.19160839915275574,0.0005595684051513672
2,30,0.5,0,0.19104883074760437,0.19321128726005554,0.002162456512451172
2,30,1.0,0,0.19104883074760437,0.19885165989398956,0.007802829146385193
2,30,2.0,0,0.19104883074760437,0.2193833738565445,0.028334543108940125
2,31,0.0,0,0.19104883074760437,0.19104883074760437,0.0
2,31,0.25,0,0.19104883074760437,0.19099189341068268,-5.6937336921691895e-05
2,31,0.5,0,0.19104883074760437,0.1921980381011963,0.001149207353591919
2,31,1.0,0,0.19104883074760437,0.1980658918619156,0.007017061114311218
2,31,2.0,0,0.19104883074760437,0.22259896993637085,0.03155013918876648
2,32,0.0,0,0.19104883074760437,0.19104883074760437,0.0
2,32,0.25,0,0.19104883074760437,0.19142530858516693,0.00037647783756256104
2,32,0.5,0,0.19104883074760437,0.1925927847623825,0.0015439540147781372
2,32,1.0,0,0.19104883074760437,0.19830113649368286,0.007252305746078491
2,32,2.0,0,0.19104883074760437,0.21982280910015106,0.028773978352546692
3,1,0.0,1,0.28736230731010437,0.28736230731010437,0.0
3,1,0.25,1,0.28736230731010437,0.3663021922111511,0.07893988490104675
3,1,0.5,1,0.28736230731010437,0.5959798097610474,0.308617502450943
3,1,1.0,1,0.28736230731010437,1.3891907930374146,1.1018284857273102
3,1,2.0,1,0.28736230731010437,3.598069667816162,3.3107073605060577
3,2,0.0,1,0.28736230731010437,0.28736230731010437,0.0
3,2,0.25,1,0.28736230731010437,0.3499595522880554,0.06259724497795105
3,2,0.5,1,0.28736230731010437,0.5267691016197205,0.2394067943096161
3,2,1.0,1,0.28736230731010437,1.1657929420471191,0.8784306347370148
3,2,2.0,1,0.28736230731010437,3.2340734004974365,2.946711093187332
3,3,0.0,1,0.28736230731010437,0.28736230731010437,0.0
3,3,0.25,1,0.28736230731010437,0.32740071415901184,0.04003840684890747
3,3,0.5,1,0.28736230731010437,0.4416522979736328,0.15428999066352844
3,3,1.0,1,0.28736230731010437,0.8316741585731506,0.5443118512630463
3,3,2.0,1,0.28736230731010437,1.8834279775619507,1.5960656702518463
3,4,0.0,0,0.28736230731010437,0.28736230731010437,0.0
3,4,0.25,0,0.28736230731010437,0.304337739944458,0.016975432634353638
3,4,0.5,0,0.28736230731010437,0.35033169388771057,0.0629693865776062
3,4,1.0,0,0.28736230731010437,0.5109381675720215,0.22357586026191711
3,4,2.0,0,0.28736230731010437,1.0021026134490967,0.7147403061389923
3,5,0.0,0,0.28736230731010437,0.28736230731010437,0.0
3,5,0.25,0,0.28736230731010437,0.2924841344356537,0.005121827125549316
3,5,0.5,0,0.28736230731010437,0.3055596649646759,0.018197357654571533
3,5,1.0,0,0.28736230731010437,0.34942182898521423,0.06205952167510986
3,5,2.0,0,0.28736230731010437,0.46991419792175293,0.18255189061164856
3,6,0.0,0,0.28736230731010437,0.28736230731010437,0.0
3,6,0.25,0,0.28736230731010437,0.29315194487571716,0.005789637565612793
3,6,0.5,0,0.28736230731010437,0.30739372968673706,0.02003142237663269
3,6,1.0,0,0.28736230731010437,0.3542626202106476,0.06690031290054321
3,6,2.0,0,0.28736230731010437,0.4783073961734772,0.1909450888633728
3,7,0.0,0,0.28736230731010437,0.28736230731010437,0.0
3,7,0.25,0,0.28736230731010437,0.29008692502975464,0.0027246177196502686
3,7,0.5,0,0.28736230731010437,0.2984210252761841,0.011058717966079712
3,7,1.0,0,0.28736230731010437,0.33066681027412415,0.043304502964019775
3,7,2.0,0,0.28736230731010437,0.4332517385482788,0.14588943123817444
3,8,0.0,0,0.28736230731010437,0.28736230731010437,0.0
3,8,0.25,0,0.28736230731010437,0.29036378860473633,0.003001481294631958
3,8,0.5,0,0.28736230731010437,0.29894307255744934,0.01158076524734497
3,8,1.0,0,0.28736230731010437,0.3306087255477905,0.04324641823768616
3,8,2.0,0,0.28736230731010437,0.4199559688568115,0.13259366154670715
3,9,0.0,0,0.28736230731010437,0.28736230731010437,0.0
3,9,0.25,0,0.28736230731010437,0.28889164328575134,0.0015293359756469727
3,9,0.5,0,0.28736230731010437,0.29578396677970886,0.008421659469604492
3,9,1.0,0,0.28736230731010437,0.32278749346733093,0.03542518615722656
3,9,2.0,0,0.28736230731010437,0.4144112467765808,0.12704893946647644
3,10,0.0,0,0.28736230731010437,0.28736230731010437,0.0
3,10,0.25,0,0.28736230731010437,0.2900955379009247,0.0027332305908203125
3,10,0.5,0,0.28736230731010437,0.2975076138973236,0.010145306587219238
3,10,1.0,0,0.28736230731010437,0.3240598440170288,0.03669753670692444
3,10,2.0,0,0.28736230731010437,0.4066247045993805,0.11926239728927612
3,11,0.0,0,0.28736230731010437,0.28736230731010437,0.0
3,11,0.25,0,0.28736230731010437,0.28943079710006714,0.0020684897899627686
3,11,0.5,0,0.28736230731010437,0.29566052556037903,0.008298218250274658
3,11,1.0,0,0.28736230731010437,0.31889352202415466,0.03153121471405029
3,11,2.0,0,0.28736230731010437,0.39945894479751587,0.1120966374874115
3,12,0.0,0,0.28736230731010437,0.28736230731010437,0.0
3,12,0.25,0,0.28736230731010437,0.2889106571674347,0.0015483498573303223
3,12,0.5,0,0.28736230731010437,0.294806569814682,0.007444262504577637
3,12,1.0,0,0.28736230731010437,0.31691649556159973,0.02955418825149536
3,12,2.0,0,0.28736230731010437,0.3848603367805481,0.09749802947044373
3,13,0.0,0,0.28736230731010437,0.28736230731010437,0.0
3,13,0.25,0,0.28736230731010437,0.2898807227611542,0.0025184154510498047
3,13,0.5,0,0.28736230731010437,0.2964937388896942,0.009131431579589844
3,13,1.0,0,0.28736230731010437,0.32020583748817444,0.03284353017807007
3,13,2.0,0,0.28736230731010437,0.3967856466770172,0.10942333936691284
3,14,0.0,0,0.28736230731010437,0.28736230731010437,0.0
3,14,0.25,0,0.28736230731010437,0.29058587551116943,0.0032235682010650635
3,14,0.5,0,0.28736230731010437,0.2984195351600647,0.011057227849960327
3,14,1.0,0,0.28736230731010437,0.3224857747554779,0.035123467445373535
3,14,2.0,0,0.28736230731010437,0.3937271535396576,0.10636484622955322
3,15,0.0,0,0.28736230731010437,0.28736230731010437,0.0
3,15,0.25,0,0.28736230731010437,0.28915804624557495,0.001795738935470581
3,15,0.5,0,0.28736230731010437,0.2945162057876587,0.007153898477554321
3,15,1.0,0,0.28736230731010437,0.3166896402835846,0.029327332973480225
3,15,2.0,0,0.28736230731010437,0.39093872904777527,0.1035764217376709
3,16,0.0,0,0.28736230731010437,0.28736230731010437,0.0
3,16,0.25,0,0.28736230731010437,0.28837326169013977,0.0010109543800354004
3,16,0.5,0,0.28736230731010437,0.2942125201225281,0.006850212812423706
3,16,1.0,0,0.28736230731010437,0.3168978989124298,0.02953559160232544
3,16,2.0,0,0.28736230731010437,0.3780214488506317,0.09065914154052734
3,17,0.0,0,0.28736230731010437,0.28736230731010437,0.0
3,17,0.25,0,0.28736230731010437,0.28968799114227295,0.002325683832168579
3,17,0.5,0,0.28736230731010437,0.2960023581981659,0.008640050888061523
3,17,1.0,0,0.28736230731010437,0.31711336970329285,0.029751062393188477
3,17,2.0,0,0.28736230731010437,0.3828239440917969,0.0954616367816925
3,18,0.0,0,0.28736230731010437,0.28736230731010437,0.0
3,18,0.25,0,0.28736230731010437,0.28941214084625244,0.0020498335361480713
3,18,0.5,0,0.28736230731010437,0.29632601141929626,0.008963704109191895
3,18,1.0,0,0.28736230731010437,0.32286152243614197,0.0354992151260376
3,18,2.0,0,0.28736230731010437,0.39109084010124207,0.1037285327911377
3,19,0.0,0,0.28736230731010437,0.28736230731010437,0.0
3,19,0.25,0,0.28736230731010437,0.2888498306274414,0.0014875233173370361
3,19,0.5,0,0.28736230731010437,0.29407694935798645,0.00671464204788208
3,19,1.0,0,0.28736230731010437,0.3150104582309723,0.02764815092086792
3,19,2.0,0,0.28736230731010437,0.3775632977485657,0.0902009904384613
3,20,0.0,0,0.28736230731010437,0.28736230731010437,0.0
3,20,0.25,0,0.28736230731010437,0.29005053639411926,0.0026882290840148926
3,20,0.5,0,0.28736230731010437,0.2969200611114502,0.009557753801345825
3,20,1.0,0,0.28736230731010437,0.3190925419330597,0.03173023462295532
3,20,2.0,0,0.28736230731010437,0.378751665353775,0.09138935804367065
3,21,0.0,0,0.28736230731010437,0.28736230731010437,0.0
3,21,0.25,0,0.28736230731010437,0.2880208194255829,0.0006585121154785156
3,21,0.5,0,0.28736230731010437,0.29230931401252747,0.004947006702423096
3,21,1.0,0,0.28736230731010437,0.3120948076248169,0.024732500314712524
3,21,2.0,0,0.28736230731010437,0.38520026206970215,0.09783795475959778
3,22,0.0,0,0.28736230731010437,0.28736230731010437,0.0
3,22,0.25,0,0.28736230731010437,0.2878848910331726,0.0005225837230682373
3,22,0.5,0,0.28736230731010437,0.2912963926792145,0.003934085369110107
3,22,1.0,0,0.28736230731010437,0.30662059783935547,0.0192582905292511
3,22,2.0,0,0.28736230731010437,0.35919487476348877,0.0718325674533844
3,23,0.0,0,0.28736230731010437,0.28736230731010437,0.0
3,23,0.25,0,0.28736230731010437,0.28905224800109863,0.0016899406909942627
3,23,0.5,0,0.28736230731010437,0.29456353187561035,0.0072012245655059814
3,23,1.0,0,0.28736230731010437,0.3156774938106537,0.028315186500549316
3,23,2.0,0,0.28736230731010437,0.3858587145805359,0.09849640727043152
3,24,0.0,0,0.28736230731010437,0.28736230731010437,0.0
3,24,0.25,0,0.28736230731010437,0.2896903157234192,0.0023280084133148193
3,24,0.5,0,0.28736230731010437,0.2954370677471161,0.008074760437011719
3,24,1.0,0,0.28736230731010437,0.3163246810436249,0.028962373733520508
3,24,2.0,0,0.28736230731010437,0.391933798789978,0.10457149147987366
3,25,0.0,0,0.28736230731010437,0.28736230731010437,0.0
3,25,0.25,0,0.28736230731010437,0.2895585298538208,0.0021962225437164307
3,25,0.5,0,0.28736230731010437,0.29560402035713196,0.008241713047027588
3,25,1.0,0,0.28736230731010437,0.3165937662124634,0.02923145890235901
3,25,2.0,0,0.28736230731010437,0.3824847340583801,0.09512242674827576
3,26,0.0,0,0.28736230731010437,0.28736230731010437,0.0
3,26,0.25,0,0.28736230731010437,0.28851357102394104,0.00115126371383667
3,26,0.5,0,0.28736230731010437,0.29249000549316406,0.005127698183059692
3,26,1.0,0,0.28736230731010437,0.30821895599365234,0.020856648683547974
3,26,2.0,0,0.28736230731010437,0.360977441072464,0.07361513376235962
3,27,0.0,0,0.28736230731010437,0.28736230731010437,0.0
3,27,0.25,0,0.28736230731010437,0.28736603260040283,3.725290298461914e-06
3,27,0.5,0,0.28736230731010437,0.28984376788139343,0.0024814605712890625
3,27,1.0,0,0.28736230731010437,0.3019912540912628,0.014628946781158447
3,27,2.0,0,0.28736230731010437,0.3561323881149292,0.06877008080482483
3,28,0.0,0,0.28736230731010437,0.28736230731010437,0.0
3,28,0.25,0,0.28736230731010437,0.2878143787384033,0.0004520714282989502
3,28,0.5,0,0.28736230731010437,0.29094284772872925,0.003580540418624878
3,28,1.0,0,0.28736230731010437,0.30557894706726074,0.018216639757156372
3,28,2.0,0,0.28736230731010437,0.3544720709323883,0.06710976362228394
3,29,0.0,0,0.28736230731010437,0.28736230731010437,0.0
3,29,0.25,0,0.28736230731010437,0.2889437973499298,0.0015814900398254395
3,29,0.5,0,0.28736230731010437,0.29349595308303833,0.00613364577293396
3,29,1.0,0,0.28736230731010437,0.30971968173980713,0.02235737442970276
3,29,2.0,0,0.28736230731010437,0.36498627066612244,0.07762396335601807
3,30,0.0,0,0.28736230731010437,0.28736230731010437,0.0
3,30,0.25,0,0.28736230731010437,0.2875169813632965,0.00015467405319213867
3,30,0.5,0,0.28736230731010437,0.2908032536506653,0.003440946340560913
3,30,1.0,0,0.28736230731010437,0.3048689067363739,0.01750659942626953
3,30,2.0,0,0.28736230731010437,0.3566250205039978,0.06926271319389343
3,31,0.0,0,0.28736230731010437,0.28736230731010437,0.0
3,31,0.25,0,0.28736230731010437,0.2893690764904022,0.0020067691802978516
3,31,0.5,0,0.28736230731010437,0.2933318018913269,0.005969494581222534
3,31,1.0,0,0.28736230731010437,0.3080109655857086,0.020648658275604248
3,31,2.0,0,0.28736230731010437,0.36220061779022217,0.0748383104801178
3,32,0.0,0,0.28736230731010437,0.28736230731010437,0.0
3,32,0.25,0,0.28736230731010437,0.2884465754032135,0.0010842680931091309
3,32,0.5,0,0.28736230731010437,0.2913967967033386,0.004034489393234253
3,32,1.0,0,0.28736230731010437,0.3014582693576813,0.014095962047576904
3,32,2.0,0,0.28736230731010437,0.3406134843826294,0.053251177072525024
4,1,0.0,1,0.552478551864624,0.552478551864624,0.0
4,1,0.25,1,0.552478551864624,0.7161452770233154,0.1636667251586914
4,1,0.5,1,0.552478551864624,1.125819444656372,0.573340892791748
4,1,1.0,1,0.552478551864624,2.4657297134399414,1.9132511615753174
4,1,2.0,1,0.552478551864624,5.848054885864258,5.295576333999634
4,2,0.0,1,0.552478551864624,0.552478551864624,0.0
4,2,0.25,1,0.552478551864624,0.6455549597740173,0.09307640790939331
4,2,0.5,1,0.552478551864624,0.9123835563659668,0.3599050045013428
4,2,1.0,1,0.552478551864624,1.861592173576355,1.309113621711731
4,2,2.0,1,0.552478551864624,4.844966888427734,4.29248833656311
4,3,0.0,1,0.552478551864624,0.552478551864624,0.0
4,3,0.25,1,0.552478551864624,0.6309602856636047,0.07848173379898071
4,3,0.5,1,0.552478551864624,0.8224894404411316,0.27001088857650757
4,3,1.0,1,0.552478551864624,1.429128646850586,0.8766500949859619
4,3,2.0,1,0.552478551864624,2.962780237197876,2.410301685333252
4,4,0.0,1,0.552478551864624,0.552478551864624,0.0
4,4,0.25,1,0.552478551864624,0.5977996587753296,0.045321106910705566
4,4,0.5,1,0.552478551864624,0.7147507071495056,0.1622721552848816
4,4,1.0,1,0.552478551864624,1.092595100402832,0.540116548538208
4,4,2.0,1,0.552478551864624,2.088916540145874,1.53643798828125
4,5,0.0,0,0.552478551864624,0.552478551864624,0.0
4,5,0.25,0,0.552478551864624,0.5582805275917053,0.005801975727081299
4,5,0.5,0,0.552478551864624,0.5780739784240723,0.025595426559448242
4,5,1.0,0,0.552478551864624,0.6451746225357056,0.09269607067108154
4,5,2.0,0,0.552478551864624,0.8223628401756287,0.26988428831100464
4,6,0.0,0,0.552478551864624,0.552478551864624,0.0
4,6,0.25,0,0.552478551864624,0.5594363212585449,0.0069577693939208984
4,6,0.5,0,0.552478551864624,0.5807705521583557,0.02829200029373169
4,6,1.0,0,0.552478551864624,0.6545658111572266,0.10208725929260254
4,6,2.0,0,0.552478551864624,0.8551547527313232,0.3026762008666992
4,7,0.0,0,0.552478551864624,0.552478551864624,0.0
4,7,0.25,0,0.552478551864624,0.5587013363838196,0.006222784519195557
4,7,0.5,0,0.552478551864624,0.57628333568573,0.023804783821105957
4,7,1.0,0,0.552478551864624,0.6412402391433716,0.08876168727874756
4,7,2.0,0,0.552478551864624,0.8312754034996033,0.27879685163497925
4,8,0.0,0,0.552478551864624,0.552478551864624,0.0
4,8,0.25,0,0.552478551864624,0.5586307048797607,0.006152153015136719
4,8,0.5,0,0.552478551864624,0.5774209499359131,0.024942398071289062
4,8,1.0,0,0.552478551864624,0.6397765278816223,0.08729797601699829
4,8,2.0,0,0.552478551864624,0.804657518863678,0.25217896699905396
4,9,0.0,0,0.552478551864624,0.552478551864624,0.0
4,9,0.25,0,0.552478551864624,0.5581464171409607,0.00566786527633667
4,9,0.5,0,0.552478551864624,0.5741506814956665,0.02167212963104248
4,9,1.0,0,0.552478551864624,0.6324892640113831,0.08001071214675903
4,9,2.0,0,0.552478551864624,0.8148506879806519,0.26237213611602783
4,10,0.0,0,0.552478551864624,0.552478551864624,0.0
4,10,0.25,0,0.552478551864624,0.5562556982040405,0.003777146339416504
4,10,0.5,0,0.552478551864624,0.5697746872901917,0.017296135425567627
4,10,1.0,0,0.552478551864624,0.6146140694618225,0.062135517597198486
4,10,2.0,0,0.552478551864624,0.7518485188484192,0.19936996698379517
4,11,0.0,0,0.552478551864624,0.552478551864624,0.0
4,11,0.25,0,0.552478551864624,0.5572254657745361,0.004746913909912109
4,11,0.5,0,0.552478551864624,0.5702913403511047,0.017812788486480713
4,11,1.0,0,0.552478551864624,0.6177688837051392,0.06529033184051514
4,11,2.0,0,0.552478551864624,0.7717240452766418,0.21924549341201782
4,12,0.0,0,0.552478551864624,0.552478551864624,0.0
4,12,0.25,0,0.552478551864624,0.5587620139122009,0.006283462047576904
4,12,0.5,0,0.552478551864624,0.5731080770492554,0.020629525184631348
4,12,1.0,0,0.552478551864624,0.6205263733863831,0.06804782152175903
4,12,2.0,0,0.552478551864624,0.7586628794670105,0.20618432760238647
4,13,0.0,0,0.552478551864624,0.552478551864624,0.0
4,13,0.25,0,0.552478551864624,0.556419312953949,0.003940761089324951
4,13,0.5,0,0.552478551864624,0.5707100629806519,0.018231511116027832
4,13,1.0,0,0.552478551864624,0.6153450012207031,0.0628664493560791
4,13,2.0,0,0.552478551864624,0.7473915219306946,0.19491297006607056
4,14,0.0,0,0.552478551864624,0.552478551864624,0.0
4,14,0.25,0,0.552478551864624,0.555891752243042,0.0034132003784179688
4,14,0.5,0,0.552478551864624,0.56766277551651,0.015184223651885986
4,14,1.0,0,0.552478551864624,0.6073551774024963,0.054876625537872314
4,14,2.0,0,0.552478551864624,0.7237229347229004,0.17124438285827637
4,15,0.0,0,0.552478551864624,0.552478551864624,0.0
4,15,0.25,0,0.552478551864624,0.556463897228241,0.003985345363616943
4,15,0.5,0,0.552478551864624,0.5678425431251526,0.015363991260528564
4,15,1.0,0,0.552478551864624,0.6102080941200256,0.05772954225540161
4,15,2.0,0,0.552478551864624,0.7433417439460754,0.19086319208145142
4,16,0.0,0,0.552478551864624,0.552478551864624,0.0
4,16,0.25,0,0.552478551864624,0.5585551857948303,0.006076633930206299
4,16,0.5,0,0.552478551864624,0.5722943544387817,0.019815802574157715
4,16,1.0,0,0.552478551864624,0.6153755784034729,0.06289702653884888
4,16,2.0,0,0.552478551864624,0.7205180525779724,0.1680395007133484
4,17,0.0,0,0.552478551864624,0.552478551864624,0.0
4,17,0.25,0,0.552478551864624,0.5556865334510803,0.003207981586456299
4,17,0.5,0,0.552478551864624,0.56658536195755,0.014106810092926025
4,17,1.0,0,0.552478551864624,0.6070006489753723,0.05452209711074829
4,17,2.0,0,0.552478551864624,0.7341245412826538,0.18164598941802979
4,18,0.0,0,0.552478551864624,0.552478551864624,0.0
4,18,0.25,0,0.552478551864624,0.55559903383255,0.0031204819679260254
4,18,0.5,0,0.552478551864624,0.5666695833206177,0.014191031455993652
4,18,1.0,0,0.552478551864624,0.6075271964073181,0.05504864454269409
4,18,2.0,0,0.552478551864624,0.7171729803085327,0.1646944284439087
4,19,0.0,0,0.552478551864624,0.552478551864624,0.0
4,19,0.25,0,0.552478551864624,0.5557503700256348,0.003271818161010742
4,19,0.5,0,0.552478551864624,0.566849410533905,0.014370858669281006
4,19,1.0,0,0.552478551864624,0.6054015159606934,0.052922964096069336
4,19,2.0,0,0.552478551864624,0.723132848739624,0.170654296875
4,20,0.0,0,0.552478551864624,0.552478551864624,0.0
4,20,0.25,0,0.552478551864624,0.5545955300331116,0.002116978168487549
4,20,0.5,0,0.552478551864624,0.5635069012641907,0.01102834939956665
4,20,1.0,0,0.552478551864624,0.5949217081069946,0.042443156242370605
4,20,2.0,0,0.552478551864624,0.680141270160675,0.12766271829605103
4,21,0.0,0,0.552478551864624,0.552478551864624,0.0
4,21,0.25,0,0.552478551864624,0.5563926100730896,0.003914058208465576
4,21,0.5,0,0.552478551864624,0.5675040483474731,0.015025496482849121
4,21,1.0,0,0.552478551864624,0.6078999042510986,0.05542135238647461
4,21,2.0,0,0.552478551864624,0.73638516664505,0.18390661478042603
4,22,0.0,0,0.552478551864624,0.552478551864624,0.0
4,22,0.25,0,0.552478551864624,0.5538465976715088,0.0013680458068847656
4,22,0.5,0,0.552478551864624,0.5619913339614868,0.009512782096862793
4,22,1.0,0,0.552478551864624,0.5933712720870972,0.040892720222473145
4,22,2.0,0,0.552478551864624,0.683864176273346,0.13138562440872192
4,23,0.0,0,0.552478551864624,0.552478551864624,0.0
4,23,0.25,0,0.552478551864624,0.5542609095573425,0.0017823576927185059
4,23,0.5,0,0.552478551864624,0.5609897971153259,0.008511245250701904
4,23,1.0,0,0.552478551864624,0.5876747369766235,0.03519618511199951
4,23,2.0,0,0.552478551864624,0.6845834255218506,0.13210487365722656
4,24,0.0,0,0.552478551864624,0.552478551864624,0.0
4,24,0.25,0,0.552478551864624,0.5540504455566406,0.0015718936920166016
4,24,0.5,0,0.552478551864624,0.5611520409584045,0.008673489093780518
4,24,1.0,0,0.552478551864624,0.5891653299331665,0.03668677806854248
4,24,2.0,0,0.552478551864624,0.6935362815856934,0.14105772972106934
4,25,0.0,0,0.552478551864624,0.552478551864624,0.0
4,25,0.25,0,0.552478551864624,0.5553902983665466,0.0029117465019226074
4,25,0.5,0,0.552478551864624,0.5635800361633301,0.011101484298706055
4,25,1.0,0,0.552478551864624,0.5947437286376953,0.04226517677307129
4,25,2.0,0,0.552478551864624,0.7083278298377991,0.15584927797317505
4,26,0.0,0,0.552478551864624,0.552478551864624,0.0
4,26,0.25,0,0.552478551864624,0.5539727807044983,0.0014942288398742676
4,26,0.5,0,0.552478551864624,0.5611181259155273,0.00863957405090332
4,26,1.0,0,0.552478551864624,0.5889660120010376,0.036487460136413574
4,26,2.0,0,0.552478551864624,0.687978208065033,0.13549965620040894
4,27,0.0,0,0.552478551864624,0.552478551864624,0.0
4,27,0.25,0,0.552478551864624,0.5548485517501831,0.002369999885559082
4,27,0.5,0,0.552478551864624,0.5626545548439026,0.010176002979278564
4,27,1.0,0,0.552478551864624,0.5898785591125488,0.037400007247924805
4,27,2.0,0,0.552478551864624,0.6824447512626648,0.12996619939804077
4,28,0.0,0,0.552478551864624,0.552478551864624,0.0
4,28,0.25,0,0.552478551864624,0.5527275800704956,0.00024902820587158203
4,28,0.5,0,0.552478551864624,0.558637261390686,0.006158709526062012
4,28,1.0,0,0.552478551864624,0.586245059967041,0.03376650810241699
4,28,2.0,0,0.552478551864624,0.6732712984085083,0.12079274654388428
4,29,0.0,0,0.552478551864624,0.552478551864624,0.0
4,29,0.25,0,0.552478551864624,0.5551528930664062,0.0026743412017822266
4,29,0.5,0,0.552478551864624,0.5628818869590759,0.010403335094451904
4,29,1.0,0,0.552478551864624,0.5932707786560059,0.040792226791381836
4,29,2.0,0,0.552478551864624,0.6978859901428223,0.14540743827819824
4,30,0.0,0,0.552478551864624,0.552478551864624,0.0
4,30,0.25,0,0.552478551864624,0.5565407872200012,0.004062235355377197
4,30,0.5,0,0.552478551864624,0.5651201605796814,0.012641608715057373
4,30,1.0,0,0.552478551864624,0.5927497744560242,0.040271222591400146
4,30,2.0,0,0.552478551864624,0.6784117221832275,0.12593317031860352
4,31,0.0,0,0.552478551864624,0.552478551864624,0.0
4,31,0.25,0,0.552478551864624,0.5553123950958252,0.002833843231201172
4,31,0.5,0,0.552478551864624,0.561912477016449,0.009433925151824951
4,31,1.0,0,0.552478551864624,0.5870809555053711,0.03460240364074707
4,31,2.0,0,0.552478551864624,0.679410457611084,0.12693190574645996
4,32,0.0,0,0.552478551864624,0.552478551864624,0.0
4,32,0.25,0,0.552478551864624,0.5551860332489014,0.0027074813842773438
4,32,0.5,0,0.552478551864624,0.5617166757583618,0.009238123893737793
4,32,1.0,0,0.552478551864624,0.5844691395759583,0.03199058771133423
4,32,2.0,0,0.552478551864624,0.6636220812797546,0.11114352941513062
5,1,0.0,1,1.1161346435546875,1.1161346435546875,0.0
5,1,0.25,1,1.1161346435546875,1.3400226831436157,0.22388803958892822
5,1,0.5,1,1.1161346435546875,1.9529777765274048,0.8368431329727173
5,1,1.0,1,1.1161346435546875,3.9504528045654297,2.834318161010742
5,1,2.0,1,1.1161346435546875,9.183554649353027,8.06742000579834
5,2,0.0,1,1.1161346435546875,1.1161346435546875,0.0
5,2,0.25,1,1.1161346435546875,1.2441519498825073,0.12801730632781982
5,2,0.5,1,1.1161346435546875,1.64280104637146,0.5266664028167725
5,2,1.0,1,1.1161346435546875,3.046907901763916,1.9307732582092285
5,2,2.0,1,1.1161346435546875,7.35606575012207,6.239931106567383
5,3,0.0,1,1.1161346435546875,1.1161346435546875,0.0
5,3,0.25,1,1.1161346435546875,1.208945393562317,0.0928107500076294
5,3,0.5,1,1.1161346435546875,1.4769904613494873,0.3608558177947998
5,3,1.0,1,1.1161346435546875,2.3423473834991455,1.226212739944458
5,3,2.0,1,1.1161346435546875,4.5790205001831055,3.462885856628418
5,4,0.0,1,1.1161346435546875,1.1161346435546875,0.0
5,4,0.25,1,1.1161346435546875,1.1715989112854004,0.05546426773071289
5,4,0.5,1,1.1161346435546875,1.3264542818069458,0.2103196382522583
5,4,1.0,1,1.1161346435546875,1.8141365051269531,0.6980018615722656
5,4,2.0,1,1.1161346435546875,3.1192359924316406,2.003101348876953
5,5,0.0,1,1.1161346435546875,1.1161346435546875,0.0
5,5,0.25,1,1.1161346435546875,1.1260098218917847,0.009875178337097168
5,5,0.5,1,1.1161346435546875,1.1575901508331299,0.04145550727844238
5,5,1.0,1,1.1161346435546875,1.2632532119750977,0.14711856842041016
5,5,2.0,1,1.1161346435546875,1.5651665925979614,0.4490319490432739
5,6,0.0,0,1.1161346435546875,1.1161346435546875,0.0
5,6,0.25,0,1.1161346435546875,1.1271559000015259,0.011021256446838379
5,6,0.5,0,1.1161346435546875,1.1649709939956665,0.048836350440979004
5,6,1.0,0,1.1161346435546875,1.2914804220199585,0.175345778465271
5,6,2.0,0,1.1161346435546875,1.6023551225662231,0.48622047901153564
5,7,0.0,0,1.1161346435546875,1.1161346435546875,0.0
5,7,0.25,0,1.1161346435546875,1.1230993270874023,0.006964683532714844
5,7,0.5,0,1.1161346435546875,1.149654746055603,0.03352010250091553
5,7,1.0,0,1.1161346435546875,1.2401201725006104,0.12398552894592285
5,7,2.0,0,1.1161346435546875,1.5108184814453125,0.394683837890625
5,8,0.0,0,1.1161346435546875,1.1161346435546875,0.0
5,8,0.25,0,1.1161346435546875,1.1225990056991577,0.006464362144470215
5,8,0.5,0,1.1161346435546875,1.1487083435058594,0.032573699951171875
5,8,1.0,0,1.1161346435546875,1.241492748260498,0.12535810470581055
5,8,2.0,0,1.1161346435546875,1.4893395900726318,0.37320494651794434
5,9,0.0,0,1.1161346435546875,1.1161346435546875,0.0
5,9,0.25,0,1.1161346435546875,1.1261053085327148,0.009970664978027344
5,9,0.5,0,1.1161346435546875,1.152877688407898,0.03674304485321045
5,9,1.0,0,1.1161346435546875,1.2446541786193848,0.12851953506469727
5,9,2.0,0,1.1161346435546875,1.5276482105255127,0.4115135669708252
5,10,0.0,0,1.1161346435546875,1.1161346435546875,0.0
5,10,0.25,0,1.1161346435546875,1.1232473850250244,0.007112741470336914
5,10,0.5,0,1.1161346435546875,1.14708411693573,0.03094947338104248
5,10,1.0,0,1.1161346435546875,1.2324358224868774,0.11630117893218994
5,10,2.0,0,1.1161346435546875,1.4708497524261475,0.35471510887145996
5,11,0.0,0,1.1161346435546875,1.1161346435546875,0.0
5,11,0.25,0,1.1161346435546875,1.1221282482147217,0.00599360466003418
5,11,0.5,0,1.1161346435546875,1.144275188446045,0.028140544891357422
5,11,1.0,0,1.1161346435546875,1.2315559387207031,0.11542129516601562
5,11,2.0,0,1.1161346435546875,1.4949414730072021,0.37880682945251465
5,12,0.0,0,1.1161346435546875,1.1161346435546875,0.0
5,12,0.25,0,1.1161346435546875,1.1238492727279663,0.007714629173278809
5,12,0.5,0,1.1161346435546875,1.1462854146957397,0.030150771141052246
5,12,1.0,0,1.1161346435546875,1.2217786312103271,0.10564398765563965
5,12,2.0,0,1.1161346435546875,1.4279109239578247,0.3117762804031372
5,13,0.0,0,1.1161346435546875,1.1161346435546875,0.0
5,13,0.25,0,1.1161346435546875,1.1244018077850342,0.00826716423034668
5,13,0.5,0,1.1161346435546875,1.1460295915603638,0.02989494800567627
5,13,1.0,0,1.1161346435546875,1.22425377368927,0.10811913013458252
5,13,2.0,0,1.1161346435546875,1.4573103189468384,0.3411756753921509
5,14,0.0,0,1.1161346435546875,1.1161346435546875,0.0
5,14,0.25,0,1.1161346435546875,1.126071810722351,0.009937167167663574
5,14,0.5,0,1.1161346435546875,1.1507738828659058,0.03463923931121826
5,14,1.0,0,1.1161346435546875,1.229569673538208,0.11343502998352051
5,14,2.0,0,1.1161346435546875,1.425361156463623,0.30922651290893555
5,15,0.0,0,1.1161346435546875,1.1161346435546875,0.0
5,15,0.25,0,1.1161346435546875,1.1228419542312622,0.006707310676574707
5,15,0.5,0,1.1161346435546875,1.1414287090301514,0.025294065475463867
5,15,1.0,0,1.1161346435546875,1.2150580883026123,0.0989234447479248
5,15,2.0,0,1.1161346435546875,1.4562488794326782,0.3401142358779907
5,16,0.0,0,1.1161346435546875,1.1161346435546875,0.0
5,16,0.25,0,1.1161346435546875,1.122572422027588,0.006437778472900391
5,16,0.5,0,1.1161346435546875,1.1410198211669922,0.024885177612304688
5,16,1.0,0,1.1161346435546875,1.203291416168213,0.08715677261352539
5,16,2.0,0,1.1161346435546875,1.3807605504989624,0.2646259069442749
5,17,0.0,0,1.1161346435546875,1.1161346435546875,0.0
5,17,0.25,0,1.1161346435546875,1.1245899200439453,0.008455276489257812
5,17,0.5,0,1.1161346435546875,1.1450201272964478,0.028885483741760254
5,17,1.0,0,1.1161346435546875,1.2123435735702515,0.09620893001556396
5,17,2.0,0,1.1161346435546875,1.4047499895095825,0.288615345954895
5,18,0.0,0,1.1161346435546875,1.1161346435546875,0.0
5,18,0.25,0,1.1161346435546875,1.124772071838379,0.008637428283691406
5,18,0.5,0,1.1161346435546875,1.144160509109497,0.02802586555480957
5,18,1.0,0,1.1161346435546875,1.2044867277145386,0.08835208415985107
5,18,2.0,0,1.1161346435546875,1.3635164499282837,0.2473818063735962
5,19,0.0,0,1.1161346435546875,1.1161346435546875,0.0
5,19,0.25,0,1.1161346435546875,1.1221719980239868,0.006037354469299316
5,19,0.5,0,1.1161346435546875,1.139688491821289,0.023553848266601562
5,19,1.0,0,1.1161346435546875,1.2023940086364746,0.08625936508178711
5,19,2.0,0,1.1161346435546875,1.3967337608337402,0.28059911727905273
5,20,0.0,0,1.1161346435546875,1.1161346435546875,0.0
5,20,0.25,0,1.1161346435546875,1.1212990283966064,0.005164384841918945
5,20,0.5,0,1.1161346435546875,1.1351699829101562,0.01903533935546875
5,20,1.0,0,1.1161346435546875,1.1820017099380493,0.06586706638336182
5,20,2.0,0,1.1161346435546875,1.3196724653244019,0.20353782176971436
5,21,0.0,0,1.1161346435546875,1.1161346435546875,0.0
5,21,0.25,0,1.1161346435546875,1.1206713914871216,0.004536747932434082
5,21,0.5,0,1.1161346435546875,1.1345586776733398,0.018424034118652344
5,21,1.0,0,1.1161346435546875,1.1919715404510498,0.0758368968963623
5,21,2.0,0,1.1161346435546875,1.3824971914291382,0.2663625478744507
5,22,0.0,0,1.1161346435546875,1.1161346435546875,0.0
5,22,0.25,0,1.1161346435546875,1.1231417655944824,0.007007122039794922
5,22,0.5,0,1.1161346435546875,1.1381995677947998,0.022064924240112305
5,22,1.0,0,1.1161346435546875,1.185672640800476,0.06953799724578857
5,22,2.0,0,1.1161346435546875,1.3177622556686401,0.20162761211395264
5,23,0.0,0,1.1161346435546875,1.1161346435546875,0.0
5,23,0.25,0,1.1161346435546875,1.1236709356307983,0.00753629207611084
5,23,0.5,0,1.1161346435546875,1.1418626308441162,0.02572798728942871
5,23,1.0,0,1.1161346435546875,1.2058418989181519,0.08970725536346436
5,23,2.0,0,1.1161346435546875,1.3892168998718262,0.27308225631713867
5,24,0.0,0,1.1161346435546875,1.1161346435546875,0.0
5,24,0.25,0,1.1161346435546875,1.121724247932434,0.005589604377746582
5,24,0.5,0,1.1161346435546875,1.1365876197814941,0.02045297622680664
5,24,1.0,0,1.1161346435546875,1.1876697540283203,0.07153511047363281
5,24,2.0,0,1.1161346435546875,1.3579602241516113,0.24182558059692383
5,25,0.0,0,1.1161346435546875,1.1161346435546875,0.0
5,25,0.25,0,1.1161346435546875,1.1193255186080933,0.0031908750534057617
5,25,0.5,0,1.1161346435546875,1.1306817531585693,0.014547109603881836
5,25,1.0,0,1.1161346435546875,1.1744624376296997,0.05832779407501221
5,25,2.0,0,1.1161346435546875,1.329410195350647,0.21327555179595947
5,26,0.0,0,1.1161346435546875,1.1161346435546875,0.0
5,26,0.25,0,1.1161346435546875,1.118839979171753,0.0027053356170654297
5,26,0.5,0,1.1161346435546875,1.1271640062332153,0.011029362678527832
5,26,1.0,0,1.1161346435546875,1.1606470346450806,0.044512391090393066
5,26,2.0,0,1.1161346435546875,1.2701119184494019,0.15397727489471436
5,27,0.0,0,1.1161346435546875,1.1161346435546875,0.0
5,27,0.25,0,1.1161346435546875,1.1181318759918213,0.001997232437133789
5,27,0.5,0,1.1161346435546875,1.1269670724868774,0.010832428932189941
5,27,1.0,0,1.1161346435546875,1.1642932891845703,0.04815864562988281
5,27,2.0,0,1.1161346435546875,1.3021860122680664,0.1860513687133789
5,28,0.0,0,1.1161346435546875,1.1161346435546875,0.0
5,28,0.25,0,1.1161346435546875,1.1213157176971436,0.005181074142456055
5,28,0.5,0,1.1161346435546875,1.1329712867736816,0.01683664321899414
5,28,1.0,0,1.1161346435546875,1.1750166416168213,0.05888199806213379
5,28,2.0,0,1.1161346435546875,1.302618384361267,0.1864837408065796
5,29,0.0,0,1.1161346435546875,1.1161346435546875,0.0
5,29,0.25,0,1.1161346435546875,1.123259425163269,0.007124781608581543
5,29,0.5,0,1.1161346435546875,1.1386609077453613,0.022526264190673828
5,29,1.0,0,1.1161346435546875,1.1894874572753906,0.07335281372070312
5,29,2.0,0,1.1161346435546875,1.3468995094299316,0.23076486587524414
5,30,0.0,0,1.1161346435546875,1.1161346435546875,0.0
5,30,0.25,0,1.1161346435546875,1.1209057569503784,0.004771113395690918
5,30,0.5,0,1.1161346435546875,1.134421467781067,0.018286824226379395
5,30,1.0,0,1.1161346435546875,1.1827983856201172,0.06666374206542969
5,30,2.0,0,1.1161346435546875,1.3460317850112915,0.229897141456604
5,31,0.0,0,1.1161346435546875,1.1161346435546875,0.0
5,31,0.25,0,1.1161346435546875,1.1206109523773193,0.004476308822631836
5,31,0.5,0,1.1161346435546875,1.1344026327133179,0.01826798915863037
5,31,1.0,0,1.1161346435546875,1.1857788562774658,0.06964421272277832
5,31,2.0,0,1.1161346435546875,1.3527107238769531,0.23657608032226562
5,32,0.0,0,1.1161346435546875,1.1161346435546875,0.0
5,32,0.25,0,1.1161346435546875,1.1201611757278442,0.004026532173156738
5,32,0.5,0,1.1161346435546875,1.128912329673767,0.01277768611907959
5,32,1.0,0,1.1161346435546875,1.156156063079834,0.040021419525146484
5,32,2.0,0,1.1161346435546875,1.2556718587875366,0.13953721523284912
6,1,0.0,1,1.9874851703643799,1.9874851703643799,0.0
6,1,0.25,1,1.9874851703643799,2.285541534423828,0.29805636405944824
6,1,0.5,1,1.9874851703643799,3.1040382385253906,1.1165530681610107
6,1,1.0,1,1.9874851703643799,5.778756141662598,3.7912709712982178
6,1,2.0,1,1.9874851703643799,12.592823028564453,10.605337858200073
6,2,0.0,1,1.9874851703643799,1.9874851703643799,0.0
6,2,0.25,1,1.9874851703643799,2.209338665008545,0.22185349464416504
6,2,0.5,1,1.9874851703643799,2.788717031478882,0.801231861114502
6,2,1.0,1,1.9874851703643799,4.775058746337891,2.7875735759735107
6,2,2.0,1,1.9874851703643799,10.90693473815918,8.9194495677948
6,3,0.0,1,1.9874851703643799,1.9874851703643799,0.0
6,3,0.25,1,1.9874851703643799,2.1116652488708496,0.12418007850646973
6,3,0.5,1,1.9874851703643799,2.4590904712677,0.4716053009033203
6,3,1.0,1,1.9874851703643799,3.6002962589263916,1.6128110885620117
6,3,2.0,1,1.9874851703643799,6.47236967086792,4.48488450050354
6,4,0.0,1,1.9874851703643799,1.9874851703643799,0.0
6,4,0.25,1,1.9874851703643799,2.0796122550964355,0.09212708473205566
6,4,0.5,1,1.9874851703643799,2.3316752910614014,0.3441901206970215
6,4,1.0,1,1.9874851703643799,3.10445499420166,1.1169698238372803
6,4,2.0,1,1.9874851703643799,5.122130870819092,3.134645700454712
6,5,0.0,1,1.9874851703643799,1.9874851703643799,0.0
6,5,0.25,1,1.9874851703643799,1.9995959997177124,0.01211082935333252
6,5,0.5,1,1.9874851703643799,2.0474400520324707,0.05995488166809082
6,5,1.0,1,1.9874851703643799,2.2012364864349365,0.21375131607055664
6,5,2.0,1,1.9874851703643799,2.5910284519195557,0.6035432815551758
6,6,0.0,1,1.9874851703643799,1.9874851703643799,0.0
6,6,0.25,1,1.9874851703643799,2.009323835372925,0.021838665008544922
6,6,0.5,1,1.9874851703643799,2.0637691020965576,0.07628393173217773
6,6,1.0,1,1.9874851703643799,2.2360117435455322,0.24852657318115234
6,6,2.0,1,1.9874851703643799,2.6703598499298096,0.6828746795654297
6,7,0.0,0,1.9874851703643799,1.9874851703643799,0.0
6,7,0.25,0,1.9874851703643799,2.0055975914001465,0.0181124210357666
6,7,0.5,0,1.9874851703643799,2.052583932876587,0.06509876251220703
6,7,1.0,0,1.9874851703643799,2.2034590244293213,0.2159738540649414
6,7,2.0,0,1.9874851703643799,2.6070261001586914,0.6195409297943115
6,8,0.0,0,1.9874851703643799,1.9874851703643799,0.0
6,8,0.25,0,1.9874851703643799,1.9979239702224731,0.010438799858093262
6,8,0.5,0,1.9874851703643799,2.0342488288879395,0.04676365852355957
6,8,1.0,0,1.9874851703643799,2.159213066101074,0.17172789573669434
6,8,2.0,0,1.9874851703643799,2.4937994480133057,0.5063142776489258
6,9,0.0,0,1.9874851703643799,1.9874851703643799,0.0
6,9,0.25,0,1.9874851703643799,1.9999641180038452,0.012478947639465332
6,9,0.5,0,1.9874851703643799,2.035545825958252,0.04806065559387207
6,9,1.0,0,1.9874851703643799,2.1577866077423096,0.1703014373779297
6,9,2.0,0,1.9874851703643799,2.5010130405426025,0.5135278701782227
6,10,0.0,0,1.9874851703643799,1.9874851703643799,0.0
6,10,0.25,0,1.9874851703643799,1.9962397813796997,0.008754611015319824
6,10,0.5,0,1.9874851703643799,2.0266318321228027,0.03914666175842285
6,10,1.0,0,1.9874851703643799,2.1296069622039795,0.1421217918395996
6,10,2.0,0,1.9874851703643799,2.4160053730010986,0.42852020263671875
6,11,0.0,0,1.9874851703643799,1.9874851703643799,0.0
6,11,0.25,0,1.9874851703643799,1.999829888343811,0.012344717979431152
6,11,0.5,0,1.9874851703643799,2.0297398567199707,0.04225468635559082
6,11,1.0,0,1.9874851703643799,2.136352300643921,0.14886713027954102
6,11,2.0,0,1.9874851703643799,2.485586643218994,0.49810147285461426
6,12,0.0,0,1.9874851703643799,1.9874851703643799,0.0
6,12,0.25,0,1.9874851703643799,1.9941344261169434,0.0066492557525634766
6,12,0.5,0,1.9874851703643799,2.021502733230591,0.03401756286621094
6,12,1.0,0,1.9874851703643799,2.1210455894470215,0.1335604190826416
6,12,2.0,0,1.9874851703643799,2.4081530570983887,0.4206678867340088
6,13,0.0,0,1.9874851703643799,1.9874851703643799,0.0
6,13,0.25,0,1.9874851703643799,1.997910499572754,0.010425329208374023
6,13,0.5,0,1.9874851703643799,2.025392532348633,0.03790736198425293
6,13,1.0,0,1.9874851703643799,2.124169111251831,0.13668394088745117
6,13,2.0,0,1.9874851703643799,2.4196412563323975,0.4321560859680176
6,14,0.0,0,1.9874851703643799,1.9874851703643799,0.0
6,14,0.25,0,1.9874851703643799,1.9963197708129883,0.008834600448608398
6,14,0.5,0,1.9874851703643799,2.021732807159424,0.034247636795043945
6,14,1.0,0,1.9874851703643799,2.104111433029175,0.11662626266479492
6,14,2.0,0,1.9874851703643799,2.3379557132720947,0.35047054290771484
6,15,0.0,0,1.9874851703643799,1.9874851703643799,0.0
6,15,0.25,0,1.9874851703643799,1.9984561204910278,0.01097095012664795
6,15,0.5,0,1.9874851703643799,2.026724338531494,0.03923916816711426
6,15,1.0,0,1.9874851703643799,2.130462884902954,0.14297771453857422
6,15,2.0,0,1.9874851703643799,2.435908317565918,0.4484231472015381
6,16,0.0,0,1.9874851703643799,1.9874851703643799,0.0
6,16,0.25,0,1.9874851703643799,1.9996235370635986,0.01213836669921875
6,16,0.5,0,1.9874851703643799,2.0295543670654297,0.042069196701049805
6,16,1.0,0,1.9874851703643799,2.1323747634887695,0.14488959312438965
6,16,2.0,0,1.9874851703643799,2.3937666416168213,0.4062814712524414
6,17,0.0,0,1.9874851703643799,1.9874851703643799,0.0
6,17,0.25,0,1.9874851703643799,1.992903709411621,0.005418539047241211
6,17,0.5,0,1.9874851703643799,2.0169413089752197,0.029456138610839844
6,17,1.0,0,1.9874851703643799,2.1177470684051514,0.13026189804077148
6,17,2.0,0,1.9874851703643799,2.4347193241119385,0.4472341537475586
6,18,0.0,0,1.9874851703643799,1.9874851703643799,0.0
6,18,0.25,0,1.9874851703643799,1.9928441047668457,0.00535893440246582
6,18,0.5,0,1.9874851703643799,2.0156168937683105,0.028131723403930664
6,18,1.0,0,1.9874851703643799,2.096555709838867,0.1090705394744873
6,18,2.0,0,1.9874851703643799,2.3154313564300537,0.32794618606567383
6,19,0.0,0,1.9874851703643799,1.9874851703643799,0.0
6,19,0.25,0,1.9874851703643799,1.9963964223861694,0.00891125202178955
6,19,0.5,0,1.9874851703643799,2.0200419425964355,0.032556772232055664
6,19,1.0,0,1.9874851703643799,2.1087093353271484,0.12122416496276855
6,19,2.0,0,1.9874851703643799,2.385984182357788,0.3984990119934082
6,20,0.0,0,1.9874851703643799,1.9874851703643799,0.0
6,20,0.25,0,1.9874851703643799,1.9891526699066162,0.0016674995422363281
6,20,0.5,0,1.9874851703643799,2.0013320446014404,0.013846874237060547
6,20,1.0,0,1.9874851703643799,2.056380271911621,0.06889510154724121
6,20,2.0,0,1.9874851703643799,2.248990297317505,0.261505126953125
6,21,0.0,0,1.9874851703643799,1.9874851703643799,0.0
6,21,0.25,0,1.9874851703643799,1.9955806732177734,0.008095502853393555
6,21,0.5,0,1.9874851703643799,2.0173909664154053,0.02990579605102539
6,21,1.0,0,1.9874851703643799,2.1009833812713623,0.11349821090698242
6,21,2.0,0,1.9874851703643799,2.353255033493042,0.3657698631286621
6,22,0.0,0,1.9874851703643799,1.9874851703643799,0.0
6,22,0.25,0,1.9874851703643799,1.9902507066726685,0.0027655363082885742
6,22,0.5,0,1.9874851703643799,2.004926919937134,0.017441749572753906
6,22,1.0,0,1.9874851703643799,2.0678462982177734,0.08036112785339355
6,22,2.0,0,1.9874851703643799,2.2688241004943848,0.2813389301300049
6,23,0.0,0,1.9874851703643799,1.9874851703643799,0.0
6,23,0.25,0,1.9874851703643799,1.9998058080673218,0.012320637702941895
6,23,0.5,0,1.9874851703643799,2.022859811782837,0.03537464141845703
6,23,1.0,0,1.9874851703643799,2.0989248752593994,0.11143970489501953
6,23,2.0,0,1.9874851703643799,2.3556275367736816,0.36814236640930176
6,24,0.0,0,1.9874851703643799,1.9874851703643799,0.0
6,24,0.25,0,1.9874851703643799,1.993552327156067,0.006067156791687012
6,24,0.5,0,1.9874851703643799,2.0106759071350098,0.023190736770629883
6,24,1.0,0,1.9874851703643799,2.0717735290527344,0.08428835868835449
6,24,2.0,0,1.9874851703643799,2.293517827987671,0.306032657623291
6,25,0.0,0,1.9874851703643799,1.9874851703643799,0.0
6,25,0.25,0,1.9874851703643799,1.9931950569152832,0.00570988655090332
6,25,0.5,0,1.9874851703643799,2.012326240539551,0.0248410701751709
6,25,1.0,0,1.9874851703643799,2.0807831287384033,0.09329795837402344
6,25,2.0,0,1.9874851703643799,2.3172671794891357,0.32978200912475586
6,26,0.0,0,1.9874851703643799,1.9874851703643799,0.0
6,26,0.25,0,1.9874851703643799,1.9910496473312378,0.00356447696685791
6,26,0.5,0,1.9874851703643799,2.0055360794067383,0.0180509090423584
6,26,1.0,0,1.9874851703643799,2.0651512145996094,0.07766604423522949
6,26,2.0,0,1.9874851703643799,2.2613017559051514,0.2738165855407715
6,27,0.0,0,1.9874851703643799,1.9874851703643799,0.0
6,27,0.25,0,1.9874851703643799,1.9913787841796875,0.003893613815307617
6,27,0.5,0,1.9874851703643799,2.0073113441467285,0.019826173782348633
6,27,1.0,0,1.9874851703643799,2.073253631591797,0.08576846122741699
6,27,2.0,0,1.9874851703643799,2.2982230186462402,0.31073784828186035
6,28,0.0,0,1.9874851703643799,1.9874851703643799,0.0
6,28,0.25,0,1.9874851703643799,1.9934194087982178,0.005934238433837891
6,28,0.5,0,1.9874851703643799,2.007214069366455,0.019728899002075195
6,28,1.0,0,1.9874851703643799,2.0625767707824707,0.07509160041809082
6,28,2.0,0,1.9874851703643799,2.249588966369629,0.262103796005249
6,29,0.0,0,1.9874851703643799,1.9874851703643799,0.0
6,29,0.25,0,1.9874851703643799,1.9895352125167847,0.002050042152404785
6,29,0.5,0,1.9874851703643799,2.0046255588531494,0.01714038848876953
6,29,1.0,0,1.9874851703643799,2.068436861038208,0.08095169067382812
6,29,2.0,0,1.9874851703643799,2.291367292404175,0.3038821220397949
6,30,0.0,0,1.9874851703643799,1.9874851703643799,0.0
6,30,0.25,0,1.9874851703643799,1.989640712738037,0.0021555423736572266
6,30,0.5,0,1.9874851703643799,2.0019028186798096,0.014417648315429688
6,30,1.0,0,1.9874851703643799,2.0493595600128174,0.0618743896484375
6,30,2.0,0,1.9874851703643799,2.2173731327056885,0.2298879623413086
6,31,0.0,0,1.9874851703643799,1.9874851703643799,0.0
6,31,0.25,0,1.9874851703643799,1.9909600019454956,0.0034748315811157227
6,31,0.5,0,1.9874851703643799,2.00612735748291,0.018642187118530273
6,31,1.0,0,1.9874851703643799,2.067507028579712,0.08002185821533203
6,31,2.0,0,1.9874851703643799,2.280426025390625,0.2929408550262451
6,32,0.0,0,1.9874851703643799,1.9874851703643799,0.0
6,32,0.25,0,1.9874851703643799,1.9875037670135498,1.8596649169921875e-05
6,32,0.5,0,1.9874851703643799,1.996649146080017,0.009163975715637207
6,32,1.0,0,1.9874851703643799,2.0351479053497314,0.04766273498535156
6,32,2.0,0,1.9874851703643799,2.1662774085998535,0.17879223823547363
7,1,0.0,1,2.8019816875457764,2.8019816875457764,0.0
7,1,0.25,1,2.8019816875457764,3.200108528137207,0.39812684059143066
7,1,0.5,1,2.8019816875457764,4.310086727142334,1.5081050395965576
7,1,1.0,1,2.8019816875457764,7.928323745727539,5.126342058181763
7,1,2.0,1,2.8019816875457764,17.27284049987793,14.470858812332153
7,2,0.0,1,2.8019816875457764,2.8019816875457764,0.0
7,2,0.25,1,2.8019816875457764,3.0984418392181396,0.2964601516723633
7,2,0.5,1,2.8019816875457764,3.911226749420166,1.1092450618743896
7,2,1.0,1,2.8019816875457764,6.765653610229492,3.963671922683716
7,2,2.0,1,2.8019816875457764,15.666303634643555,12.864321947097778
7,3,0.0,1,2.8019816875457764,2.8019816875457764,0.0
7,3,0.25,1,2.8019816875457764,2.9564661979675293,0.15448451042175293
7,3,0.5,1,2.8019816875457764,3.4187405109405518,0.6167588233947754
7,3,1.0,1,2.8019816875457764,4.921585559844971,2.1196038722991943
7,3,2.0,1,2.8019816875457764,8.689202308654785,5.887220621109009
7,4,0.0,1,2.8019816875457764,2.8019816875457764,0.0
7,4,0.25,1,2.8019816875457764,2.9027183055877686,0.10073661804199219
7,4,0.5,1,2.8019816875457764,3.1754283905029297,0.3734467029571533
7,4,1.0,1,2.8019816875457764,4.074832439422607,1.272850751876831
7,4,2.0,1,2.8019816875457764,6.49475622177124,3.692774534225464
7,5,0.0,1,2.8019816875457764,2.8019816875457764,0.0
7,5,0.25,1,2.8019816875457764,2.8198397159576416,0.017858028411865234
7,5,0.5,1,2.8019816875457764,2.8764307498931885,0.07444906234741211
7,5,1.0,1,2.8019816875457764,3.0726490020751953,0.27066731452941895
7,5,2.0,1,2.8019816875457764,3.6189632415771484,0.8169815540313721
7,6,0.0,1,2.8019816875457764,2.8019816875457764,0.0
7,6,0.25,1,2.8019816875457764,2.833623170852661,0.031641483306884766
7,6,0.5,1,2.8019816875457764,2.903890371322632,0.10190868377685547
7,6,1.0,1,2.8019816875457764,3.110750675201416,0.30876898765563965
7,6,2.0,1,2.8019816875457764,3.6562604904174805,0.8542788028717041
7,7,0.0,1,2.8019816875457764,2.8019816875457764,0.0
7,7,0.25,1,2.8019816875457764,2.819314956665039,0.017333269119262695
7,7,0.5,1,2.8019816875457764,2.871137857437134,0.06915616989135742
7,7,1.0,1,2.8019816875457764,3.041203737258911,0.23922204971313477
7,7,2.0,1,2.8019816875457764,3.501152992248535,0.6991713047027588
7,8,0.0,0,2.8019816875457764,2.8019816875457764,0.0
7,8,0.25,0,2.8019816875457764,2.814500331878662,0.012518644332885742
7,8,0.5,0,2.8019816875457764,2.8613340854644775,0.05935239791870117
7,8,1.0,0,2.8019816875457764,3.034503698348999,0.23252201080322266
7,8,2.0,0,2.8019816875457764,3.495652437210083,0.6936707496643066
7,9,0.0,0,2.8019816875457764,2.8019816875457764,0.0
7,9,0.25,0,2.8019816875457764,2.830320119857788,0.02833843231201172
7,9,0.5,0,2.8019816875457764,2.887373447418213,0.08539175987243652
7,9,1.0,0,2.8019816875457764,3.06205677986145,0.26007509231567383
7,9,2.0,0,2.8019816875457764,3.5453622341156006,0.7433805465698242
7,10,0.0,0,2.8019816875457764,2.8019816875457764,0.0
7,10,0.25,0,2.8019816875457764,2.814323902130127,0.012342214584350586
7,10,0.5,0,2.8019816875457764,2.857567548751831,0.05558586120605469
7,10,1.0,0,2.8019816875457764,3.0166633129119873,0.21468162536621094
7,10,2.0,0,2.8019816875457764,3.447918176651001,0.6459364891052246
7,11,0.0,0,2.8019816875457764,2.8019816875457764,0.0
7,11,0.25,0,2.8019816875457764,2.8241076469421387,0.022125959396362305
7,11,0.5,0,2.8019816875457764,2.870922565460205,0.06894087791442871
7,11,1.0,0,2.8019816875457764,3.0277833938598633,0.22580170631408691
7,11,2.0,0,2.8019816875457764,3.4705069065093994,0.668525218963623
7,12,0.0,0,2.8019816875457764,2.8019816875457764,0.0
7,12,0.25,0,2.8019816875457764,2.807239532470703,0.005257844924926758
7,12,0.5,0,2.8019816875457764,2.836320638656616,0.034338951110839844
7,12,1.0,0,2.8019816875457764,2.950453281402588,0.14847159385681152
7,12,2.0,0,2.8019816875457764,3.285964012145996,0.4839823246002197
7,13,0.0,0,2.8019816875457764,2.8019816875457764,0.0
7,13,0.25,0,2.8019816875457764,2.813150405883789,0.011168718338012695
7,13,0.5,0,2.8019816875457764,2.8500254154205322,0.04804372787475586
7,13,1.0,0,2.8019816875457764,2.983024835586548,0.18104314804077148
7,13,2.0,0,2.8019816875457764,3.3914878368377686,0.5895061492919922
7,14,0.0,0,2.8019816875457764,2.8019816875457764,0.0
7,14,0.25,0,2.8019816875457764,2.8056674003601074,0.0036857128143310547
7,14,0.5,0,2.8019816875457764,2.8336117267608643,0.03163003921508789
7,14,1.0,0,2.8019816875457764,2.950594902038574,0.14861321449279785
7,14,2.0,0,2.8019816875457764,3.314629554748535,0.5126478672027588
7,15,0.0,0,2.8019816875457764,2.8019816875457764,0.0
7,15,0.25,0,2.8019816875457764,2.816664457321167,0.014682769775390625
7,15,0.5,0,2.8019816875457764,2.853256940841675,0.05127525329589844
7,15,1.0,0,2.8019816875457764,2.9802489280700684,0.178267240524292
7,15,2.0,0,2.8019816875457764,3.3711307048797607,0.5691490173339844
7,16,0.0,0,2.8019816875457764,2.8019816875457764,0.0
7,16,0.25,0,2.8019816875457764,2.81113338470459,0.009151697158813477
7,16,0.5,0,2.8019816875457764,2.8471548557281494,0.04517316818237305
7,16,1.0,0,2.8019816875457764,2.9713799953460693,0.16939830780029297
7,16,2.0,0,2.8019816875457764,3.276231527328491,0.47424983978271484
7,17,0.0,0,2.8019816875457764,2.8019816875457764,0.0
7,17,0.25,0,2.8019816875457764,2.8121817111968994,0.010200023651123047
7,17,0.5,0,2.8019816875457764,2.842458724975586,0.04047703742980957
7,17,1.0,0,2.8019816875457764,2.9574527740478516,0.1554710865020752
7,17,2.0,0,2.8019816875457764,3.311462163925171,0.5094804763793945
7,18,0.0,0,2.8019816875457764,2.8019816875457764,0.0
7,18,0.25,0,2.8019816875457764,2.8098080158233643,0.00782632827758789
7,18,0.5,0,2.8019816875457764,2.8431925773620605,0.04121088981628418
7,18,1.0,0,2.8019816875457764,2.963762044906616,0.16178035736083984
7,18,2.0,0,2.8019816875457764,3.280654191970825,0.47867250442504883
7,19,0.0,0,2.8019816875457764,2.8019816875457764,0.0
7,19,0.25,0,2.8019816875457764,2.8106179237365723,0.008636236190795898
7,19,0.5,0,2.8019816875457764,2.837496757507324,0.03551506996154785
7,19,1.0,0,2.8019816875457764,2.952066421508789,0.1500847339630127
7,19,2.0,0,2.8019816875457764,3.3238394260406494,0.521857738494873
7,20,0.0,0,2.8019816875457764,2.8019816875457764,0.0
7,20,0.25,0,2.8019816875457764,2.8087241649627686,0.0067424774169921875
7,20,0.5,0,2.8019816875457764,2.826462745666504,0.02448105812072754
7,20,1.0,0,2.8019816875457764,2.895632028579712,0.09365034103393555
7,20,2.0,0,2.8019816875457764,3.107982873916626,0.3060011863708496
7,21,0.0,0,2.8019816875457764,2.8019816875457764,0.0
7,21,0.25,0,2.8019816875457764,2.812016248703003,0.010034561157226562
7,21,0.5,0,2.8019816875457764,2.8376705646514893,0.03568887710571289
7,21,1.0,0,2.8019816875457764,2.9282896518707275,0.12630796432495117
7,21,2.0,0,2.8019816875457764,3.2270548343658447,0.42507314682006836
7,22,0.0,0,2.8019816875457764,2.8019816875457764,0.0
7,22,0.25,0,2.8019816875457764,2.813521385192871,0.011539697647094727
7,22,0.5,0,2.8019816875457764,2.8403353691101074,0.038353681564331055
7,22,1.0,0,2.8019816875457764,2.9258737564086914,0.12389206886291504
7,22,2.0,0,2.8019816875457764,3.1678638458251953,0.36588215827941895
7,23,0.0,0,2.8019816875457764,2.8019816875457764,0.0
7,23,0.25,0,2.8019816875457764,2.81272292137146,0.010741233825683594
7,23,0.5,0,2.8019816875457764,2.836716413497925,0.03473472595214844
7,23,1.0,0,2.8019816875457764,2.9297828674316406,0.12780117988586426
7,23,2.0,0,2.8019816875457764,3.2386794090270996,0.43669772148132324
7,24,0.0,0,2.8019816875457764,2.8019816875457764,0.0
7,24,0.25,0,2.8019816875457764,2.8109302520751953,0.008948564529418945
7,24,0.5,0,2.8019816875457764,2.831920862197876,0.02993917465209961
7,24,1.0,0,2.8019816875457764,2.911900043487549,0.10991835594177246
7,24,2.0,0,2.8019816875457764,3.2227935791015625,0.42081189155578613
7,25,0.0,0,2.8019816875457764,2.8019816875457764,0.0
7,25,0.25,0,2.8019816875457764,2.811051368713379,0.009069681167602539
7,25,0.5,0,2.8019816875457764,2.837162733078003,0.03518104553222656
7,25,1.0,0,2.8019816875457764,2.9256324768066406,0.12365078926086426
7,25,2.0,0,2.8019816875457764,3.199310779571533,0.39732909202575684
7,26,0.0,0,2.8019816875457764,2.8019816875457764,0.0
7,26,0.25,0,2.8019816875457764,2.811227321624756,0.009245634078979492
7,26,0.5,0,2.8019816875457764,2.8358652591705322,0.03388357162475586
7,26,1.0,0,2.8019816875457764,2.918849229812622,0.1168675422668457
7,26,2.0,0,2.8019816875457764,3.1632497310638428,0.3612680435180664
7,27,0.0,0,2.8019816875457764,2.8019816875457764,0.0
7,27,0.25,0,2.8019816875457764,2.8121917247772217,0.010210037231445312
7,27,0.5,0,2.8019816875457764,2.834914445877075,0.03293275833129883
7,27,1.0,0,2.8019816875457764,2.9184699058532715,0.11648821830749512
7,27,2.0,0,2.8019816875457764,3.1770739555358887,0.3750922679901123
7,28,0.0,0,2.8019816875457764,2.8019816875457764,0.0
7,28,0.25,0,2.8019816875457764,2.80659818649292,0.004616498947143555
7,28,0.5,0,2.8019816875457764,2.824528455734253,0.022546768188476562
7,28,1.0,0,2.8019816875457764,2.8925695419311523,0.09058785438537598
7,28,2.0,0,2.8019816875457764,3.109482526779175,0.30750083923339844
7,29,0.0,0,2.8019816875457764,2.8019816875457764,0.0
7,29,0.25,0,2.8019816875457764,2.804624557495117,0.0026428699493408203
7,29,0.5,0,2.8019816875457764,2.8211710453033447,0.01918935775756836
7,29,1.0,0,2.8019816875457764,2.892507314682007,0.09052562713623047
7,29,2.0,0,2.8019816875457764,3.1560704708099365,0.35408878326416016
7,30,0.0,0,2.8019816875457764,2.8019816875457764,0.0
7,30,0.25,0,2.8019816875457764,2.811861991882324,0.009880304336547852
7,30,0.5,0,2.8019816875457764,2.8340322971343994,0.03205060958862305
7,30,1.0,0,2.8019816875457764,2.9101696014404297,0.10818791389465332
7,30,2.0,0,2.8019816875457764,3.135870933532715,0.3338892459869385
7,31,0.0,0,2.8019816875457764,2.8019816875457764,0.0
7,31,0.25,0,2.8019816875457764,2.8035242557525635,0.0015425682067871094
7,31,0.5,0,2.8019816875457764,2.8171353340148926,0.015153646469116211
7,31,1.0,0,2.8019816875457764,2.8699071407318115,0.06792545318603516
7,31,2.0,0,2.8019816875457764,3.061631441116333,0.25964975357055664
7,32,0.0,0,2.8019816875457764,2.8019816875457764,0.0
7,32,0.25,0,2.8019816875457764,2.8079121112823486,0.005930423736572266
7,32,0.5,0,2.8019816875457764,2.8216545581817627,0.019672870635986328
7,32,1.0,0,2.8019816875457764,2.8675477504730225,0.0655660629272461
7,32,2.0,0,2.8019816875457764,3.0220370292663574,0.22005534172058105
