test_ar_order,layer,lag,is_within_ar_order,distributed_context_normalized_attention
1,0,1,1,0.22433564066886902
1,0,2,0,0.22433564066886902
1,0,3,0,0.13543003797531128
1,0,4,0,0.13543003797531128
1,0,5,0,0.009599893353879452
1,0,6,0,0.009599893353879452
1,0,7,0,0.012987153604626656
1,0,8,0,0.012987153604626656
1,0,9,0,0.02564440667629242
1,0,10,0,0.02564440667629242
1,0,11,0,0.0099770687520504
1,0,12,0,0.0099770687520504
1,0,13,0,0.0076643330976367
1,0,14,0,0.0076643330976367
1,0,15,0,0.007925812155008316
1,0,16,0,0.007925812155008316
1,0,17,0,0.008330180309712887
1,0,18,0,0.008330180309712887
1,0,19,0,0.007930384017527103
1,0,20,0,0.007930384017527103
1,0,21,0,0.007660873234272003
1,0,22,0,0.007660873234272003
1,0,23,0,0.008927997201681137
1,0,24,0,0.008927997201681137
1,0,25,0,0.006628857925534248
1,0,26,0,0.006628857925534248
1,0,27,0,0.006807414814829826
1,0,28,0,0.006807414814829826
1,0,29,0,0.007379380986094475
1,0,30,0,0.007379380986094475
1,0,31,0,0.012770576402544975
1,0,32,0,0.012770576402544975
1,1,1,1,0.044659651815891266
1,1,2,0,0.044659651815891266
1,1,3,0,0.04383620619773865
1,1,4,0,0.04383620619773865
1,1,5,0,0.041288502514362335
1,1,6,0,0.041288502514362335
1,1,7,0,0.03700701519846916
1,1,8,0,0.03700701519846916
1,1,9,0,0.03439909964799881
1,1,10,0,0.03439909964799881
1,1,11,0,0.034386906772851944
1,1,12,0,0.034386906772851944
1,1,13,0,0.03437018021941185
1,1,14,0,0.03437018021941185
1,1,15,0,0.033172134310007095
1,1,16,0,0.033172134310007095
1,1,17,0,0.03150123357772827
1,1,18,0,0.03150123357772827
1,1,19,0,0.029337849467992783
1,1,20,0,0.029337849467992783
1,1,21,0,0.02648450993001461
1,1,22,0,0.02648450993001461
1,1,23,0,0.025174526497721672
1,1,24,0,0.025174526497721672
1,1,25,0,0.024940557777881622
1,1,26,0,0.024940557777881622
1,1,27,0,0.024734489619731903
1,1,28,0,0.024734489619731903
1,1,29,0,0.018903713673353195
1,1,30,0,0.018903713673353195
1,1,31,0,0.015803463757038116
1,1,32,0,0.015803463757038116
2,0,1,1,0.22509640455245972
2,0,2,1,0.22509640455245972
2,0,3,0,0.13526390492916107
2,0,4,0,0.13526390492916107
2,0,5,0,0.009754020720720291
2,0,6,0,0.009754020720720291
2,0,7,0,0.012370116077363491
2,0,8,0,0.012370116077363491
2,0,9,0,0.025861887261271477
2,0,10,0,0.025861887261271477
2,0,11,0,0.010083851404488087
2,0,12,0,0.010083851404488087
2,0,13,0,0.007587491534650326
2,0,14,0,0.007587491534650326
2,0,15,0,0.007830590009689331
2,0,16,0,0.007830590009689331
2,0,17,0,0.008296532556414604
2,0,18,0,0.008296532556414604
2,0,19,0,0.008109544403851032
2,0,20,0,0.008109544403851032
2,0,21,0,0.0074513815343379974
2,0,22,0,0.0074513815343379974
2,0,23,0,0.008842035196721554
2,0,24,0,0.008842035196721554
2,0,25,0,0.006625514943152666
2,0,26,0,0.006625514943152666
2,0,27,0,0.006782649550586939
2,0,28,0,0.006782649550586939
2,0,29,0,0.007533355616033077
2,0,30,0,0.007533355616033077
2,0,31,0,0.012510773725807667
2,0,32,0,0.012510773725807667
2,1,1,1,0.04616734758019447
2,1,2,1,0.04616734758019447
2,1,3,0,0.045229725539684296
2,1,4,0,0.045229725539684296
2,1,5,0,0.04129142314195633
2,1,6,0,0.04129142314195633
2,1,7,0,0.036761969327926636
2,1,8,0,0.036761969327926636
2,1,9,0,0.03435526043176651
2,1,10,0,0.03435526043176651
2,1,11,0,0.03379549831151962
2,1,12,0,0.03379549831151962
2,1,13,0,0.033265359699726105
2,1,14,0,0.033265359699726105
2,1,15,0,0.03297125920653343
2,1,16,0,0.03297125920653343
2,1,17,0,0.03081953525543213
2,1,18,0,0.03081953525543213
2,1,19,0,0.028744196519255638
2,1,20,0,0.028744196519255638
2,1,21,0,0.026247411966323853
2,1,22,0,0.026247411966323853
2,1,23,0,0.025014016777276993
2,1,24,0,0.025014016777276993
2,1,25,0,0.024538420140743256
2,1,26,0,0.024538420140743256
2,1,27,0,0.025480657815933228
2,1,28,0,0.025480657815933228
2,1,29,0,0.01917991228401661
2,1,30,0,0.01917991228401661
2,1,31,0,0.01613806188106537
2,1,32,0,0.01613806188106537
3,0,1,1,0.22416719794273376
3,0,2,1,0.22416719794273376
3,0,3,1,0.1354546695947647
3,0,4,0,0.1354546695947647
3,0,5,0,0.00973175372928381
3,0,6,0,0.00973175372928381
3,0,7,0,0.01266886480152607
3,0,8,0,0.01266886480152607
3,0,9,0,0.02572273463010788
3,0,10,0,0.02572273463010788
3,0,11,0,0.009767627343535423
3,0,12,0,0.009767627343535423
3,0,13,0,0.00743913883343339
3,0,14,0,0.00743913883343339
3,0,15,0,0.0078295161947608
3,0,16,0,0.0078295161947608
3,0,17,0,0.008329825475811958
3,0,18,0,0.008329825475811958
3,0,19,0,0.008009178563952446
3,0,20,0,0.008009178563952446
3,0,21,0,0.007513898424804211
3,0,22,0,0.007513898424804211
3,0,23,0,0.00933696050196886
3,0,24,0,0.00933696050196886
3,0,25,0,0.006665505934506655
3,0,26,0,0.006665505934506655
3,0,27,0,0.0068350606597959995
3,0,28,0,0.0068350606597959995
3,0,29,0,0.007656293921172619
3,0,30,0,0.007656293921172619
3,0,31,0,0.012871818616986275
3,0,32,0,0.012871818616986275
3,1,1,1,0.046055033802986145
3,1,2,1,0.046055033802986145
3,1,3,1,0.04546675831079483
3,1,4,0,0.04546675831079483
3,1,5,0,0.041865911334753036
3,1,6,0,0.041865911334753036
3,1,7,0,0.03734902665019035
3,1,8,0,0.03734902665019035
3,1,9,0,0.034898433834314346
3,1,10,0,0.034898433834314346
3,1,11,0,0.0336727537214756
3,1,12,0,0.0336727537214756
3,1,13,0,0.03340375795960426
3,1,14,0,0.03340375795960426
3,1,15,0,0.03269940987229347
3,1,16,0,0.03269940987229347
3,1,17,0,0.03078421577811241
3,1,18,0,0.03078421577811241
3,1,19,0,0.028159020468592644
3,1,20,0,0.028159020468592644
3,1,21,0,0.025697993114590645
3,1,22,0,0.025697993114590645
3,1,23,0,0.02481616660952568
3,1,24,0,0.02481616660952568
3,1,25,0,0.02448008581995964
3,1,26,0,0.02448008581995964
3,1,27,0,0.025090688839554787
3,1,28,0,0.025090688839554787
3,1,29,0,0.01913899928331375
3,1,30,0,0.01913899928331375
3,1,31,0,0.01642170175909996
3,1,32,0,0.01642170175909996
4,0,1,1,0.22466666996479034
4,0,2,1,0.22466666996479034
4,0,3,1,0.13534843921661377
4,0,4,1,0.13534843921661377
4,0,5,0,0.009990543127059937
4,0,6,0,0.009990543127059937
4,0,7,0,0.01230535563081503
4,0,8,0,0.01230535563081503
4,0,9,0,0.025842538103461266
4,0,10,0,0.025842538103461266
4,0,11,0,0.009862583130598068
4,0,12,0,0.009862583130598068
4,0,13,0,0.007562282029539347
4,0,14,0,0.007562282029539347
4,0,15,0,0.0077481041662395
4,0,16,0,0.0077481041662395
4,0,17,0,0.008310636505484581
4,0,18,0,0.008310636505484581
4,0,19,0,0.008179728873074055
4,0,20,0,0.008179728873074055
4,0,21,0,0.007421071175485849
4,0,22,0,0.007421071175485849
4,0,23,0,0.008924172259867191
4,0,24,0,0.008924172259867191
4,0,25,0,0.006711138412356377
4,0,26,0,0.006711138412356377
4,0,27,0,0.006709816865622997
4,0,28,0,0.006709816865622997
4,0,29,0,0.007688410580158234
4,0,30,0,0.007688410580158234
4,0,31,0,0.01272850763052702
4,0,32,0,0.01272850763052702
4,1,1,1,0.04547907039523125
4,1,2,1,0.04547907039523125
4,1,3,1,0.045594971626996994
4,1,4,1,0.045594971626996994
4,1,5,0,0.04264453426003456
4,1,6,0,0.04264453426003456
4,1,7,0,0.037692584097385406
4,1,8,0,0.037692584097385406
4,1,9,0,0.034696195274591446
4,1,10,0,0.034696195274591446
4,1,11,0,0.03289133682847023
4,1,12,0,0.03289133682847023
4,1,13,0,0.03335319086909294
4,1,14,0,0.03335319086909294
4,1,15,0,0.03286680579185486
4,1,16,0,0.03286680579185486
4,1,17,0,0.030842870473861694
4,1,18,0,0.030842870473861694
4,1,19,0,0.028442783281207085
4,1,20,0,0.028442783281207085
4,1,21,0,0.026089804247021675
4,1,22,0,0.026089804247021675
4,1,23,0,0.02490939386188984
4,1,24,0,0.02490939386188984
4,1,25,0,0.024879682809114456
4,1,26,0,0.024879682809114456
4,1,27,0,0.024878453463315964
4,1,28,0,0.024878453463315964
4,1,29,0,0.018809443339705467
4,1,30,0,0.018809443339705467
4,1,31,0,0.015928933396935463
4,1,32,0,0.015928933396935463
5,0,1,1,0.2253529131412506
5,0,2,1,0.2253529131412506
5,0,3,1,0.1357012838125229
5,0,4,1,0.1357012838125229
5,0,5,1,0.009967497549951077
5,0,6,0,0.009967497549951077
5,0,7,0,0.012563732452690601
5,0,8,0,0.012563732452690601
5,0,9,0,0.025240907445549965
5,0,10,0,0.025240907445549965
5,0,11,0,0.009817094542086124
5,0,12,0,0.009817094542086124
5,0,13,0,0.0072981808334589005
5,0,14,0,0.0072981808334589005
5,0,15,0,0.007706823293119669
5,0,16,0,0.007706823293119669
5,0,17,0,0.008374860510230064
5,0,18,0,0.008374860510230064
5,0,19,0,0.008149388246238232
5,0,20,0,0.008149388246238232
5,0,21,0,0.007386699318885803
5,0,22,0,0.007386699318885803
5,0,23,0,0.008872251957654953
5,0,24,0,0.008872251957654953
5,0,25,0,0.006713622249662876
5,0,26,0,0.006713622249662876
5,0,27,0,0.006660334765911102
5,0,28,0,0.006660334765911102
5,0,29,0,0.007608570624142885
5,0,30,0,0.007608570624142885
5,0,31,0,0.012585793621838093
5,0,32,0,0.012585793621838093
5,1,1,1,0.045189935714006424
5,1,2,1,0.045189935714006424
5,1,3,1,0.045922331511974335
5,1,4,1,0.045922331511974335
5,1,5,1,0.04187334328889847
5,1,6,0,0.04187334328889847
5,1,7,0,0.0381070114672184
5,1,8,0,0.0381070114672184
5,1,9,0,0.03464483097195625
5,1,10,0,0.03464483097195625
5,1,11,0,0.033883728086948395
5,1,12,0,0.033883728086948395
5,1,13,0,0.033580463379621506
5,1,14,0,0.033580463379621506
5,1,15,0,0.032966334372758865
5,1,16,0,0.032966334372758865
5,1,17,0,0.031062014400959015
5,1,18,0,0.031062014400959015
5,1,19,0,0.028597000986337662
5,1,20,0,0.028597000986337662
5,1,21,0,0.025601662695407867
5,1,22,0,0.025601662695407867
5,1,23,0,0.024797985330224037
5,1,24,0,0.024797985330224037
5,1,25,0,0.024340631440281868
5,1,26,0,0.024340631440281868
5,1,27,0,0.024465510621666908
5,1,28,0,0.024465510621666908
5,1,29,0,0.018777897581458092
5,1,30,0,0.018777897581458092
5,1,31,0,0.016189267858862877
5,1,32,0,0.016189267858862877
6,0,1,1,0.2247873842716217
6,0,2,1,0.2247873842716217
6,0,3,1,0.13573475182056427
6,0,4,1,0.13573475182056427
6,0,5,1,0.00984084140509367
6,0,6,1,0.00984084140509367
6,0,7,0,0.012398477643728256
6,0,8,0,0.012398477643728256
6,0,9,0,0.02588016726076603
6,0,10,0,0.02588016726076603
6,0,11,0,0.009958484210073948
6,0,12,0,0.009958484210073948
6,0,13,0,0.007356754504144192
6,0,14,0,0.007356754504144192
6,0,15,0,0.007702953182160854
6,0,16,0,0.007702953182160854
6,0,17,0,0.008100665174424648
6,0,18,0,0.008100665174424648
6,0,19,0,0.008380799554288387
6,0,20,0,0.008380799554288387
6,0,21,0,0.0076257819309830666
6,0,22,0,0.0076257819309830666
6,0,23,0,0.00874872412532568
6,0,24,0,0.00874872412532568
6,0,25,0,0.006436278112232685
6,0,26,0,0.006436278112232685
6,0,27,0,0.006706458516418934
6,0,28,0,0.006706458516418934
6,0,29,0,0.007745644077658653
6,0,30,0,0.007745644077658653
6,0,31,0,0.012595807202160358
6,0,32,0,0.012595807202160358
6,1,1,1,0.04436631500720978
6,1,2,1,0.04436631500720978
6,1,3,1,0.04570882394909859
6,1,4,1,0.04570882394909859
6,1,5,1,0.04248090088367462
6,1,6,1,0.04248090088367462
6,1,7,0,0.03821288049221039
6,1,8,0,0.03821288049221039
6,1,9,0,0.03520103543996811
6,1,10,0,0.03520103543996811
6,1,11,0,0.03399564325809479
6,1,12,0,0.03399564325809479
6,1,13,0,0.03356614336371422
6,1,14,0,0.03356614336371422
6,1,15,0,0.03274005651473999
6,1,16,0,0.03274005651473999
6,1,17,0,0.03064798004925251
6,1,18,0,0.03064798004925251
6,1,19,0,0.028453776612877846
6,1,20,0,0.028453776612877846
6,1,21,0,0.02586550824344158
6,1,22,0,0.02586550824344158
6,1,23,0,0.024832306429743767
6,1,24,0,0.024832306429743767
6,1,25,0,0.024837488308548927
6,1,26,0,0.024837488308548927
6,1,27,0,0.02461354248225689
6,1,28,0,0.02461354248225689
6,1,29,0,0.018553100526332855
6,1,30,0,0.018553100526332855
6,1,31,0,0.01592450961470604
6,1,32,0,0.01592450961470604
7,0,1,1,0.2248421460390091
7,0,2,1,0.2248421460390091
7,0,3,1,0.13592787086963654
7,0,4,1,0.13592787086963654
7,0,5,1,0.010046059265732765
7,0,6,1,0.010046059265732765
7,0,7,1,0.01272469200193882
7,0,8,0,0.01272469200193882
7,0,9,0,0.026497893035411835
7,0,10,0,0.026497893035411835
7,0,11,0,0.009486588649451733
7,0,12,0,0.009486588649451733
7,0,13,0,0.0073132384568452835
7,0,14,0,0.0073132384568452835
7,0,15,0,0.00785596389323473
7,0,16,0,0.00785596389323473
7,0,17,0,0.008309533819556236
7,0,18,0,0.008309533819556236
7,0,19,0,0.008212557062506676
7,0,20,0,0.008212557062506676
7,0,21,0,0.007294704206287861
7,0,22,0,0.007294704206287861
7,0,23,0,0.008652028627693653
7,0,24,0,0.008652028627693653
7,0,25,0,0.0063632577657699585
7,0,26,0,0.0063632577657699585
7,0,27,0,0.006516247056424618
7,0,28,0,0.006516247056424618
7,0,29,0,0.007361636031419039
7,0,30,0,0.007361636031419039
7,0,31,0,0.012595622800290585
7,0,32,0,0.012595622800290585
7,1,1,1,0.04506055265665054
7,1,2,1,0.04506055265665054
7,1,3,1,0.044995538890361786
7,1,4,1,0.044995538890361786
7,1,5,1,0.041967056691646576
7,1,6,1,0.041967056691646576
7,1,7,1,0.03827430680394173
7,1,8,0,0.03827430680394173
7,1,9,0,0.03527585044503212
7,1,10,0,0.03527585044503212
7,1,11,0,0.034465279430150986
7,1,12,0,0.034465279430150986
7,1,13,0,0.03403662145137787
7,1,14,0,0.03403662145137787
7,1,15,0,0.03331569954752922
7,1,16,0,0.03331569954752922
7,1,17,0,0.031192084774374962
7,1,18,0,0.031192084774374962
7,1,19,0,0.02857770398259163
7,1,20,0,0.02857770398259163
7,1,21,0,0.025981372222304344
7,1,22,0,0.025981372222304344
7,1,23,0,0.02464754693210125
7,1,24,0,0.02464754693210125
7,1,25,0,0.024235505610704422
7,1,26,0,0.024235505610704422
7,1,27,0,0.02430626004934311
7,1,28,0,0.02430626004934311
7,1,29,0,0.01807878538966179
7,1,30,0,0.01807878538966179
7,1,31,0,0.015589824877679348
7,1,32,0,0.015589824877679348
