checkpoint_label,checkpoint,train_ar_order,test_ar_order,is_diagonal,patch_size,patch_stride,median_mase_to_noisy_next_x,median_smape_percent_to_noisy_next_x,mean_wql_to_noisy_next_x,zero_mase_to_noisy_next_x,last_value_mase_to_noisy_next_x,ols_mase_to_noisy_next_x,analytic_optimum_mase_to_noisy_next_x,median_mae_to_noisy_next_x,median_mse_to_noisy_next_x,median_mse_to_conditional_mean,zero_mse_to_conditional_mean,model_mse_over_zero_mse,mase_improvement_vs_zero_percent,wql_q0.1,wql_q0.2,wql_q0.3,wql_q0.4,wql_q0.5,wql_q0.6,wql_q0.7,wql_q0.8,wql_q0.9,mase_over_matched_specialist,failure_mode
ar1,outputs_patching\patch2_stride2\ar1\patching\sanity\ar1_patch2_stride2_rope_seed7_best_model.pt,1,1,1,2,2,0.716277003288269,131.7405343055725,0.6475018858909607,0.8518586754798889,1.026525855064392,0.7051758766174316,0.6919589042663574,0.8159480094909668,1.0323010683059692,0.0757599025964737,0.6477575898170471,0.11695718242046588,15.915981851712766,0.37241384387016296,0.5880382061004639,0.7280865907669067,0.8099032640457153,0.8360186219215393,0.8078412413597107,0.7271038293838501,0.5876474380493164,0.3704639673233032,1.0,in_distribution
ar1,outputs_patching\patch2_stride2\ar1\patching\sanity\ar1_patch2_stride2_rope_seed7_best_model.pt,1,2,0,2,2,0.7330548763275146,129.3815016746521,0.6431527733802795,0.8697932362556458,1.0245176553726196,0.6192891597747803,0.6004424095153809,1.0082207918167114,1.674967885017395,0.6847964525222778,1.616495966911316,0.4236301645903501,15.720789059796916,0.36771517992019653,0.5791125297546387,0.7148948311805725,0.7963817119598389,0.8276323080062866,0.8038766980171204,0.7270593643188477,0.592954158782959,0.3787479102611542,1.133923980398063,good_transfer
ar1,outputs_patching\patch2_stride2\ar1\patching\sanity\ar1_patch2_stride2_rope_seed7_best_model.pt,1,3,0,2,2,0.7258127927780151,127.21961736679077,0.6433486938476562,0.8647536039352417,1.0335279703140259,0.5411142110824585,0.5166463851928711,1.2310901880264282,2.6239442825317383,1.5325814485549927,3.001481771469116,0.5106082812573104,16.067098249136794,0.3699641823768616,0.5828927755355835,0.7191429734230042,0.7983616590499878,0.8251361846923828,0.8004874587059021,0.7255480885505676,0.5898541212081909,0.37875062227249146,1.2536880071598615,graceful_degradation
ar1,outputs_patching\patch2_stride2\ar1\patching\sanity\ar1_patch2_stride2_rope_seed7_best_model.pt,1,4,0,2,2,0.7168985605239868,125.65593719482422,0.6204372644424438,0.8862643241882324,1.0273529291152954,0.4724936783313751,0.44289276003837585,1.429083228111267,3.5753180980682373,2.6136093139648438,5.026864528656006,0.5199283368520823,19.11007348957378,0.34530124068260193,0.5511034727096558,0.6871925592422485,0.7684816718101501,0.8008037805557251,0.7820358276367188,0.7114602327346802,0.5726581811904907,0.3648981750011444,1.2359482070751056,good_transfer
ar1,outputs_patching\patch2_stride2\ar1\patching\sanity\ar1_patch2_stride2_rope_seed7_best_model.pt,1,5,0,2,2,0.7340593338012695,124.52418804168701,0.6012870073318481,0.9181569218635559,1.082756757736206,0.43615418672561646,0.3960140347480774,1.7147657871246338,5.1778435707092285,4.157934665679932,8.175668716430664,0.5085742597817985,20.050776036042834,0.32836130261421204,0.5319464802742004,0.6674132943153381,0.7488871216773987,0.7811402678489685,0.7604719400405884,0.6883051991462708,0.5532044172286987,0.35185298323631287,1.4235385650888206,graceful_degradation
ar1,outputs_patching\patch2_stride2\ar1\patching\sanity\ar1_patch2_stride2_rope_seed7_best_model.pt,1,6,0,2,2,0.7272456884384155,123.79211187362671,0.6010624766349792,0.9250363707542419,1.0471694469451904,0.39065852761268616,0.34268826246261597,1.9821863174438477,7.175165176391602,6.128039836883545,11.452367782592773,0.5350893328974263,21.381935734543593,0.3328295350074768,0.5357357859611511,0.6675561666488647,0.7477045059204102,0.7796674370765686,0.7582184672355652,0.6850137114524841,0.5503876209259033,0.35244861245155334,1.492160723722211,graceful_degradation
ar1,outputs_patching\patch2_stride2\ar1\patching\sanity\ar1_patch2_stride2_rope_seed7_best_model.pt,1,7,0,2,2,0.7126545906066895,122.39078283309937,0.5843561291694641,0.9190888404846191,1.0607483386993408,0.36884400248527527,0.30740296840667725,2.2075328826904297,9.056442260742188,8.239667892456055,16.68950080871582,0.49370367555589334,22.460750341510032,0.3232198655605316,0.5193039774894714,0.651111364364624,0.7303277254104614,0.7595003843307495,0.7381360530853271,0.6638676524162292,0.5342368483543396,0.3395013213157654,1.3500024332282097,graceful_degradation
ar2,outputs_patching\patch2_stride2\ar2\patching\sanity\ar2_patch2_stride2_rope_seed7_best_model.pt,2,1,0,2,2,0.7406156063079834,130.24638891220093,0.6744706630706787,0.8518586754798889,1.026525855064392,0.7051758766174316,0.6919589042663574,0.8438012003898621,1.1061021089553833,0.138929083943367,0.6477575898170471,0.21447696812414993,13.058864383723916,0.3995327651500702,0.6202579736709595,0.7625428438186646,0.8428359627723694,0.8645569086074829,0.8329014182090759,0.7516187429428101,0.6090326309204102,0.3869563639163971,1.0339793165325444,good_transfer
ar2,outputs_patching\patch2_stride2\ar2\patching\sanity\ar2_patch2_stride2_rope_seed7_best_model.pt,2,2,1,2,2,0.6464762091636658,111.87584400177002,0.5491958260536194,0.8697932362556458,1.0245176553726196,0.6192891597747803,0.6004424095153809,0.8564143180847168,1.1397325992584229,0.1621614247560501,1.616495966911316,0.10031662811129463,25.67472564552613,0.3239293098449707,0.5013996958732605,0.6162969470024109,0.6835824847221375,0.7030167579650879,0.6797700524330139,0.6151090264320374,0.4995410442352295,0.32011687755584717,1.0,in_distribution
ar2,outputs_patching\patch2_stride2\ar2\patching\sanity\ar2_patch2_stride2_rope_seed7_best_model.pt,2,3,0,2,2,0.6542191505432129,110.00062227249146,0.562341034412384,0.8647536039352417,1.0335279703140259,0.5411142110824585,0.5166463851928711,1.0677255392074585,1.88350510597229,0.7903833389282227,3.001481771469116,0.26333104749836905,24.346178198500457,0.3404522240161896,0.5195819735527039,0.6340387463569641,0.6979247331619263,0.7156412601470947,0.6891137957572937,0.6259086728096008,0.5104209780693054,0.327986478805542,1.1300251404375377,good_transfer
ar2,outputs_patching\patch2_stride2\ar2\patching\sanity\ar2_patch2_stride2_rope_seed7_best_model.pt,2,4,0,2,2,0.6435806751251221,108.99674892425537,0.5406665802001953,0.8862643241882324,1.0273529291152954,0.4724936783313751,0.44289276003837585,1.233725666999817,2.5771753787994385,1.6304651498794556,5.026864528656006,0.3243503262490705,27.38276182846407,0.3231618404388428,0.49485230445861816,0.6037110686302185,0.6679075360298157,0.6913328170776367,0.6718108057975769,0.6056039929389954,0.492262601852417,0.31535637378692627,1.1095466295087728,good_transfer
ar2,outputs_patching\patch2_stride2\ar2\patching\sanity\ar2_patch2_stride2_rope_seed7_best_model.pt,2,5,0,2,2,0.6510176062583923,105.53797483444214,0.5247257947921753,0.9181569218635559,1.082756757736206,0.43615418672561646,0.3960140347480774,1.4661986827850342,3.759599208831787,2.7323715686798096,8.175668716430664,0.33420771602310095,29.095169817263788,0.3133752942085266,0.4798264503479004,0.5855833292007446,0.6472334265708923,0.6679086089134216,0.6472749710083008,0.5897042751312256,0.4800509810447693,0.3115748465061188,1.2624983109492447,graceful_degradation
ar2,outputs_patching\patch2_stride2\ar2\patching\sanity\ar2_patch2_stride2_rope_seed7_best_model.pt,2,6,0,2,2,0.6435337066650391,106.34263753890991,0.5210346579551697,0.9250363707542419,1.0471694469451904,0.39065852761268616,0.34268826246261597,1.6897635459899902,5.114090919494629,4.109909534454346,11.452367782592773,0.3588698522851558,30.431523882642104,0.3042393624782562,0.4734323024749756,0.5818244218826294,0.6436182260513306,0.6646466851234436,0.6477939486503601,0.5877136588096619,0.47917383909225464,0.30686911940574646,1.32040070741273,graceful_degradation
ar2,outputs_patching\patch2_stride2\ar2\patching\sanity\ar2_patch2_stride2_rope_seed7_best_model.pt,2,7,0,2,2,0.6371868252754211,105.36582469940186,0.5034430027008057,0.9190888404846191,1.0607483386993408,0.36884400248527527,0.30740296840667725,1.8765153884887695,6.1695170402526855,5.318449020385742,16.68950080871582,0.3186703473844028,30.6719005597496,0.29749178886413574,0.4610293507575989,0.5649926662445068,0.6246387362480164,0.6456140279769897,0.6253622770309448,0.5626676678657532,0.45760732889175415,0.29158318042755127,1.2070416382366627,good_transfer
ar3,outputs_patching\patch2_stride2\ar3\patching\sanity\ar3_patch2_stride2_rope_seed7_best_model.pt,3,1,0,2,2,0.7477864623069763,129.08878326416016,0.6779451966285706,0.8518586754798889,1.026525855064392,0.7051758766174316,0.6919589042663574,0.8523991107940674,1.1306768655776978,0.1795533448457718,0.6477575898170471,0.2771921899000595,12.21707498773599,0.39312925934791565,0.616858720779419,0.7624664306640625,0.845533013343811,0.8733662962913513,0.8452561497688293,0.7585666179656982,0.6163640022277832,0.38996607065200806,1.0439906054139032,good_transfer
ar3,outputs_patching\patch2_stride2\ar3\patching\sanity\ar3_patch2_stride2_rope_seed7_best_model.pt,3,2,0,2,2,0.6587544679641724,112.45484352111816,0.5590876340866089,0.8697932362556458,1.0245176553726196,0.6192891597747803,0.6004424095153809,0.8708111643791199,1.202911376953125,0.22665543854236603,1.616495966911316,0.1402140451828302,24.26309604337344,0.3250550627708435,0.5111910104751587,0.6277601718902588,0.6953600645065308,0.7148348689079285,0.6921044588088989,0.6254242658615112,0.5107777118682861,0.3292813301086426,1.0189925918795848,good_transfer
ar3,outputs_patching\patch2_stride2\ar3\patching\sanity\ar3_patch2_stride2_rope_seed7_best_model.pt,3,3,1,2,2,0.5789421200752258,99.88060593605042,0.4805275499820709,0.8647536039352417,1.0335279703140259,0.5411142110824585,0.5166463851928711,0.9163532853126526,1.3350824117660522,0.3166038393974304,3.001481771469116,0.1054825128064877,33.05120470841302,0.28196701407432556,0.4417761564254761,0.5402546525001526,0.5977743864059448,0.6141843199729919,0.5968114733695984,0.5382930636405945,0.43566909432411194,0.2780176103115082,1.0,in_distribution
ar3,outputs_patching\patch2_stride2\ar3\patching\sanity\ar3_patch2_stride2_rope_seed7_best_model.pt,3,4,0,2,2,0.5659627914428711,96.87954783439636,0.4571985602378845,0.8862643241882324,1.0273529291152954,0.4724936783313751,0.44289276003837585,1.042901873588562,1.797425389289856,0.8887761235237122,5.026864528656006,0.1768052666741225,36.14063254083247,0.26657000184059143,0.42415550351142883,0.5176886916160583,0.5716471672058105,0.5844025611877441,0.5631709694862366,0.5080465078353882,0.4129094183444977,0.26619598269462585,0.9757317643988123,good_transfer
ar3,outputs_patching\patch2_stride2\ar3\patching\sanity\ar3_patch2_stride2_rope_seed7_best_model.pt,3,5,0,2,2,0.5722933411598206,95.26445865631104,0.44216787815093994,0.9181569218635559,1.082756757736206,0.43615418672561646,0.3960140347480774,1.2476534843444824,2.5982818603515625,1.5670284032821655,8.175668716430664,0.19166975297481223,37.66933216619947,0.25722989439964294,0.40539827942848206,0.49370455741882324,0.548021137714386,0.568352997303009,0.5514044761657715,0.4963812232017517,0.4022299647331238,0.25678831338882446,1.1098307782094017,good_transfer
ar3,outputs_patching\patch2_stride2\ar3\patching\sanity\ar3_patch2_stride2_rope_seed7_best_model.pt,3,6,0,2,2,0.5619979500770569,94.35479044914246,0.4419015944004059,0.9250363707542419,1.0471694469451904,0.39065852761268616,0.34268826246261597,1.4327343702316284,3.6032638549804688,2.623513698577881,11.452367782592773,0.2290804616461529,39.24585369342574,0.25627973675727844,0.4086681604385376,0.49643927812576294,0.5484755635261536,0.5635476112365723,0.5470408797264099,0.49597516655921936,0.4038114547729492,0.25687673687934875,1.1531058640141991,good_transfer
ar3,outputs_patching\patch2_stride2\ar3\patching\sanity\ar3_patch2_stride2_rope_seed7_best_model.pt,3,7,0,2,2,0.5670589804649353,93.80005598068237,0.43832430243492126,0.9190888404846191,1.0607483386993408,0.36884400248527527,0.30740296840667725,1.6255296468734741,4.644311428070068,3.714775562286377,16.68950080871582,0.22258158616382318,38.30204921583694,0.24949303269386292,0.39801934361457825,0.4889569878578186,0.5428979396820068,0.5592625141143799,0.5464445352554321,0.4960745871067047,0.4051952362060547,0.2585746943950653,1.0741964108585433,good_transfer
ar4,outputs_patching\patch2_stride2\ar4\patching\sanity\ar4_patch2_stride2_rope_seed7_best_model.pt,4,1,0,2,2,0.7693169116973877,126.96280479431152,0.706046998500824,0.8518586754798889,1.026525855064392,0.7051758766174316,0.6919589042663574,0.8820599913597107,1.2170994281768799,0.2638331949710846,0.6477575898170471,0.40730235989299907,9.689607696488137,0.4164765477180481,0.6472001671791077,0.7945952415466309,0.8816226124763489,0.9037567973136902,0.8742492198944092,0.7890258431434631,0.6376248598098755,0.4098716676235199,1.0740494364130415,good_transfer
ar4,outputs_patching\patch2_stride2\ar4\patching\sanity\ar4_patch2_stride2_rope_seed7_best_model.pt,4,2,0,2,2,0.6797810196876526,111.31454706192017,0.5789669752120972,0.8697932362556458,1.0245176553726196,0.6192891597747803,0.6004424095153809,0.9038704633712769,1.2808161973953247,0.2986353635787964,1.616495966911316,0.1847424117917271,21.845676495022275,0.3362862169742584,0.5266178846359253,0.6530609726905823,0.7229815125465393,0.741972804069519,0.7186095714569092,0.6509113907814026,0.5253201723098755,0.3349423408508301,1.051517457335472,good_transfer
ar4,outputs_patching\patch2_stride2\ar4\patching\sanity\ar4_patch2_stride2_rope_seed7_best_model.pt,4,3,0,2,2,0.617057204246521,102.54462957382202,0.513543426990509,0.8647536039352417,1.0335279703140259,0.5411142110824585,0.5166463851928711,0.9805840849876404,1.5382373332977295,0.49083152413368225,3.001481771469116,0.16352973681177416,28.6435810803825,0.30189332365989685,0.4709027409553528,0.5776539444923401,0.640479564666748,0.6572349071502686,0.6354809999465942,0.5752376914024353,0.466065376996994,0.2969425320625305,1.0658357422091567,good_transfer
ar4,outputs_patching\patch2_stride2\ar4\patching\sanity\ar4_patch2_stride2_rope_seed7_best_model.pt,4,4,1,2,2,0.5800393223762512,96.62104845046997,0.46962466835975647,0.8862643241882324,1.0273529291152954,0.4724936783313751,0.44289276003837585,1.0642988681793213,1.880723476409912,0.9626646041870117,5.026864528656006,0.19150398796292845,34.552333141973854,0.27675557136535645,0.43449968099594116,0.5320200324058533,0.584557056427002,0.5963925123214722,0.5783830285072327,0.524228036403656,0.4260157644748688,0.2737702429294586,1.0,in_distribution
ar4,outputs_patching\patch2_stride2\ar4\patching\sanity\ar4_patch2_stride2_rope_seed7_best_model.pt,4,5,0,2,2,0.5862351059913635,95.14732956886292,0.45713573694229126,0.9181569218635559,1.082756757736206,0.43615418672561646,0.3960140347480774,1.2812312841415405,2.772366762161255,1.7348902225494385,8.175668716430664,0.21220162933740513,36.150880962537485,0.2658582925796509,0.4155396819114685,0.511775553226471,0.5689692497253418,0.5836489796638489,0.5696704983711243,0.5135373473167419,0.41739821434020996,0.2678235173225403,1.136867611594962,good_transfer
ar4,outputs_patching\patch2_stride2\ar4\patching\sanity\ar4_patch2_stride2_rope_seed7_best_model.pt,4,6,0,2,2,0.5829152464866638,95.6221878528595,0.4604889452457428,0.9250363707542419,1.0471694469451904,0.39065852761268616,0.34268826246261597,1.4929888248443604,3.952589511871338,2.9523067474365234,11.452367782592773,0.2577900748108993,36.98461326321955,0.2644807696342468,0.4182945787906647,0.5151975750923157,0.571495771408081,0.587247908115387,0.5731726884841919,0.5183598399162292,0.4228080213069916,0.2733437418937683,1.196023915843274,good_transfer
ar4,outputs_patching\patch2_stride2\ar4\patching\sanity\ar4_patch2_stride2_rope_seed7_best_model.pt,4,7,0,2,2,0.5724416971206665,93.38767528533936,0.446940153837204,0.9190888404846191,1.0607483386993408,0.36884400248527527,0.30740296840667725,1.6536345481872559,4.8543548583984375,3.8869848251342773,16.68950080871582,0.2329000051999376,37.71639128826456,0.2594969868659973,0.4059877395629883,0.49871590733528137,0.554866373538971,0.568932056427002,0.5548050999641418,0.5049058794975281,0.4107658863067627,0.2639853358268738,1.084393048442017,good_transfer
ar5,outputs_patching\patch2_stride2\ar5\patching\sanity\ar5_patch2_stride2_rope_seed7_best_model.pt,5,1,0,2,2,0.7971543669700623,126.7351508140564,0.7303330898284912,0.8518586754798889,1.026525855064392,0.7051758766174316,0.6919589042663574,0.90975421667099,1.2932502031326294,0.3162496089935303,0.6477575898170471,0.48822215897594023,6.421758688905687,0.4256019592285156,0.6618240475654602,0.8141396641731262,0.9004456400871277,0.9321321845054626,0.9041696190834045,0.8232048153877258,0.6779064536094666,0.4335732161998749,1.1129135283005083,good_transfer
ar5,outputs_patching\patch2_stride2\ar5\patching\sanity\ar5_patch2_stride2_rope_seed7_best_model.pt,5,2,0,2,2,0.6871159672737122,111.69202327728271,0.586455225944519,0.8697932362556458,1.0245176553726196,0.6192891597747803,0.6004424095153809,0.9105984568595886,1.3119359016418457,0.3517344295978546,1.616495966911316,0.21759066326031326,21.00237865361394,0.34140121936798096,0.5354995727539062,0.658125102519989,0.7240163683891296,0.7474955916404724,0.7282642722129822,0.6600719094276428,0.5405240058898926,0.34269917011260986,1.0628635014467451,good_transfer
ar5,outputs_patching\patch2_stride2\ar5\patching\sanity\ar5_patch2_stride2_rope_seed7_best_model.pt,5,3,0,2,2,0.5992752909660339,97.80133366584778,0.4963899254798889,0.8647536039352417,1.0335279703140259,0.5411142110824585,0.5166463851928711,0.9421887397766113,1.4190181493759155,0.4247238337993622,3.001481771469116,0.1415047187148084,30.6998793368531,0.2916032373905182,0.4526941180229187,0.5577177405357361,0.612922728061676,0.6315004229545593,0.6151012778282166,0.5567668676376343,0.45896875858306885,0.2902340292930603,1.0351212499241997,good_transfer
ar5,outputs_patching\patch2_stride2\ar5\patching\sanity\ar5_patch2_stride2_rope_seed7_best_model.pt,5,4,0,2,2,0.5365864634513855,90.13436436653137,0.4269634783267975,0.8862643241882324,1.0273529291152954,0.4724936783313751,0.44289276003837585,0.9712978601455688,1.5293618440628052,0.6256799101829529,5.026864528656006,0.12446723133599864,39.455256314997435,0.24854706227779388,0.3918841481208801,0.4821731150150299,0.5277107357978821,0.5442783832550049,0.52944016456604,0.47752663493156433,0.39293548464775085,0.24817530810832977,0.9250863566510421,good_transfer
ar5,outputs_patching\patch2_stride2\ar5\patching\sanity\ar5_patch2_stride2_rope_seed7_best_model.pt,5,5,1,2,2,0.5156581997871399,85.47061085700989,0.3930525779724121,0.9181569218635559,1.082756757736206,0.43615418672561646,0.3960140347480774,1.103911280632019,1.9751418828964233,0.9365551471710205,8.175668716430664,0.11455395022168927,43.83768313367134,0.22895167768001556,0.3582410514354706,0.44463247060775757,0.48783034086227417,0.5028730630874634,0.488405704498291,0.43915048241615295,0.3576248288154602,0.22976358234882355,1.0,in_distribution
ar5,outputs_patching\patch2_stride2\ar5\patching\sanity\ar5_patch2_stride2_rope_seed7_best_model.pt,5,6,0,2,2,0.5039300918579102,84.50706005096436,0.3914402723312378,0.9250363707542419,1.0471694469451904,0.39065852761268616,0.34268826246261597,1.2684577703475952,2.761996030807495,1.77133047580719,11.452367782592773,0.15466936701941714,45.523213163280985,0.22523990273475647,0.3531798720359802,0.4377061426639557,0.4818710684776306,0.4989314675331116,0.48901864886283875,0.4444379210472107,0.3622962236404419,0.23028109967708588,1.0339623906010624,good_transfer
ar5,outputs_patching\patch2_stride2\ar5\patching\sanity\ar5_patch2_stride2_rope_seed7_best_model.pt,5,7,0,2,2,0.5128951668739319,84.42981243133545,0.3899371922016144,0.9190888404846191,1.0607483386993408,0.36884400248527527,0.30740296840667725,1.4521870613098145,3.659757137298584,2.6985278129577637,16.68950080871582,0.1616901454325405,44.19525683681553,0.226137176156044,0.3539189398288727,0.440355122089386,0.48119932413101196,0.4996241629123688,0.4848177134990692,0.4394017457962036,0.3582802712917328,0.22570008039474487,0.9715923147023326,good_transfer
ar6,outputs_patching\patch2_stride2\ar6\patching\sanity\ar6_patch2_stride2_rope_seed7_best_model.pt,6,1,0,2,2,0.8024083375930786,128.30185890197754,0.7422922849655151,0.8518586754798889,1.026525855064392,0.7051758766174316,0.6919589042663574,0.9159809947013855,1.3131293058395386,0.3603402376174927,0.6477575898170471,0.5562887155351854,5.804993164969857,0.4520342946052551,0.6982434391975403,0.8368914127349854,0.9153957962989807,0.9385121464729309,0.9100459218025208,0.8215625286102295,0.6719235181808472,0.4360218644142151,1.1202486383192531,good_transfer
ar6,outputs_patching\patch2_stride2\ar6\patching\sanity\ar6_patch2_stride2_rope_seed7_best_model.pt,6,2,0,2,2,0.6893215179443359,111.60235404968262,0.5941023230552673,0.8697932362556458,1.0245176553726196,0.6192891597747803,0.6004424095153809,0.9137861132621765,1.3357601165771484,0.39055317640304565,1.616495966911316,0.24160479481386307,20.748806818528347,0.36247915029525757,0.5612333416938782,0.6751044988632202,0.7331904768943787,0.7501122951507568,0.7268279194831848,0.6547414660453796,0.5354334115982056,0.347798615694046,1.0662751516194204,good_transfer
ar6,outputs_patching\patch2_stride2\ar6\patching\sanity\ar6_patch2_stride2_rope_seed7_best_model.pt,6,3,0,2,2,0.6119271516799927,100.67681074142456,0.5090440511703491,0.8647536039352417,1.0335279703140259,0.5411142110824585,0.5166463851928711,0.963164210319519,1.4735702276229858,0.4637494683265686,3.001481771469116,0.15450684149901736,29.236819725839766,0.30634671449661255,0.48007795214653015,0.5795486569404602,0.6316519975662231,0.6455591917037964,0.6241471171379089,0.5607616901397705,0.45777300000190735,0.2955302894115448,1.0569746619929483,good_transfer
ar6,outputs_patching\patch2_stride2\ar6\patching\sanity\ar6_patch2_stride2_rope_seed7_best_model.pt,6,4,0,2,2,0.5484812259674072,92.0503556728363,0.4347875714302063,0.8862643241882324,1.0273529291152954,0.4724936783313751,0.44289276003837585,0.9878111481666565,1.5698996782302856,0.6321466565132141,5.026864528656006,0.1257536686953898,38.11313273048819,0.2537486255168915,0.40310585498809814,0.4922114908695221,0.5397388339042664,0.5535317659378052,0.5368163585662842,0.4843648672103882,0.39646703004837036,0.2531032860279083,0.9455931775805135,good_transfer
ar6,outputs_patching\patch2_stride2\ar6\patching\sanity\ar6_patch2_stride2_rope_seed7_best_model.pt,6,5,0,2,2,0.5156261324882507,85.86110472679138,0.39094749093055725,0.9181569218635559,1.082756757736206,0.43615418672561646,0.3960140347480774,1.0927281379699707,1.9265456199645996,0.8907845616340637,8.175668716430664,0.10895555978728096,43.841175706468604,0.22493615746498108,0.3617655336856842,0.4415711462497711,0.4844908118247986,0.49777868390083313,0.4852471947669983,0.43716004490852356,0.35781100392341614,0.22776669263839722,0.9999378128789528,good_transfer
ar6,outputs_patching\patch2_stride2\ar6\patching\sanity\ar6_patch2_stride2_rope_seed7_best_model.pt,6,6,1,2,2,0.4873775839805603,82.8126609325409,0.3739563524723053,0.9250363707542419,1.0471694469451904,0.39065852761268616,0.34268826246261597,1.2074997425079346,2.4853670597076416,1.4598850011825562,11.452367782592773,0.127474512598306,47.31260311600831,0.21481363475322723,0.3427107036113739,0.4210641384124756,0.461866557598114,0.47495442628860474,0.46656110882759094,0.42076119780540466,0.34288060665130615,0.21999485790729523,1.0,in_distribution
ar6,outputs_patching\patch2_stride2\ar6\patching\sanity\ar6_patch2_stride2_rope_seed7_best_model.pt,6,7,0,2,2,0.4937356114387512,83.86489152908325,0.3754364848136902,0.9190888404846191,1.0607483386993408,0.36884400248527527,0.30740296840667725,1.382421612739563,3.3076608180999756,2.313065528869629,16.68950080871582,0.1385940511571004,46.279881803546516,0.2185124009847641,0.3452576696872711,0.4220360219478607,0.4630153179168701,0.4756212830543518,0.46503791213035583,0.42143526673316956,0.3459215462207794,0.22209103405475616,0.9352978085025688,good_transfer
ar7,outputs_patching\patch2_stride2\ar7\patching\sanity\ar7_patch2_stride2_rope_seed7_best_model.pt,7,1,0,2,2,0.778650164604187,128.60053777694702,0.7173131108283997,0.8518586754798889,1.026525855064392,0.7051758766174316,0.6919589042663574,0.8896470665931702,1.2292869091033936,0.27408596873283386,0.6477575898170471,0.423130462755746,8.593973740357857,0.4443492293357849,0.6795599460601807,0.8113862872123718,0.8879886269569397,0.9115304946899414,0.8760855793952942,0.7946770787239075,0.6431561708450317,0.4070848226547241,1.0870796647520116,good_transfer
ar7,outputs_patching\patch2_stride2\ar7\patching\sanity\ar7_patch2_stride2_rope_seed7_best_model.pt,7,2,0,2,2,0.6749264001846313,111.01740598678589,0.5833994150161743,0.8697932362556458,1.0245176553726196,0.6192891597747803,0.6004424095153809,0.9000859260559082,1.2828049659729004,0.3167765140533447,1.616495966911316,0.19596492693923542,22.403811382793968,0.35616639256477356,0.5482496023178101,0.6595216393470764,0.7195277810096741,0.7388660311698914,0.7155385613441467,0.6477972865104675,0.5267361998558044,0.3381910026073456,1.0440081021044394,good_transfer
ar7,outputs_patching\patch2_stride2\ar7\patching\sanity\ar7_patch2_stride2_rope_seed7_best_model.pt,7,3,0,2,2,0.6040281057357788,100.42215585708618,0.5028805136680603,0.8647536039352417,1.0335279703140259,0.5411142110824585,0.5166463851928711,0.9488154649734497,1.4392614364624023,0.4269213378429413,3.001481771469116,0.14223685844141537,30.15026442364358,0.30951425433158875,0.4724685549736023,0.5680697560310364,0.6223825216293335,0.6359419822692871,0.6153390407562256,0.5570468902587891,0.4551871716976166,0.2899746894836426,1.0433307316753762,good_transfer
ar7,outputs_patching\patch2_stride2\ar7\patching\sanity\ar7_patch2_stride2_rope_seed7_best_model.pt,7,4,0,2,2,0.5571779012680054,93.68836879730225,0.44783538579940796,0.8862643241882324,1.0273529291152954,0.4724936783313751,0.44289276003837585,1.017366647720337,1.6741504669189453,0.7561667561531067,5.026864528656006,0.15042513118118128,37.131859416957965,0.26996979117393494,0.41683050990104675,0.5040912628173828,0.553637683391571,0.5700935125350952,0.5525838136672974,0.49667826294898987,0.4056248366832733,0.261008620262146,0.9605864288397047,good_transfer
ar7,outputs_patching\patch2_stride2\ar7\patching\sanity\ar7_patch2_stride2_rope_seed7_best_model.pt,7,5,0,2,2,0.5354015827178955,88.09317946434021,0.4104456603527069,0.9181569218635559,1.082756757736206,0.43615418672561646,0.3960140347480774,1.140475869178772,2.145826578140259,1.1527827978134155,8.175668716430664,0.1410016523170349,41.68735539985836,0.24151530861854553,0.3765634298324585,0.45977655053138733,0.5070738196372986,0.5195296406745911,0.5061428546905518,0.46035388112068176,0.3787064552307129,0.2443491518497467,1.0382877319490034,good_transfer
ar7,outputs_patching\patch2_stride2\ar7\patching\sanity\ar7_patch2_stride2_rope_seed7_best_model.pt,7,6,0,2,2,0.518446683883667,86.79519295692444,0.4048931300640106,0.9250363707542419,1.0471694469451904,0.39065852761268616,0.34268826246261597,1.3005231618881226,2.9656589031219482,1.9637794494628906,11.452367782592773,0.17147366262964167,43.95391356764233,0.23819804191589355,0.3700502812862396,0.45225319266319275,0.4986245334148407,0.5115439891815186,0.49904653429985046,0.453849196434021,0.3743155002593994,0.24615667760372162,1.0637474946002972,good_transfer
ar7,outputs_patching\patch2_stride2\ar7\patching\sanity\ar7_patch2_stride2_rope_seed7_best_model.pt,7,7,1,2,2,0.5278913378715515,88.12927007675171,0.40478387475013733,0.9190888404846191,1.0607483386993408,0.36884400248527527,0.30740296840667725,1.496436357498169,3.9121618270874023,2.9575042724609375,16.68950080871582,0.17720747351031788,42.56362229431446,0.237439826130867,0.37450167536735535,0.4543173909187317,0.5017021894454956,0.5148480534553528,0.4988459348678589,0.45044687390327454,0.37105244398117065,0.2399003952741623,1.0,in_distribution
