test_ar_order,layer,lag,is_within_ar_order,context_normalized_attention,raw_attention
1,0,1,1,0.43558430671691895,0.3767276406288147
1,0,2,0,0.31154876947402954,0.29388493299484253
1,0,3,0,0.2520805299282074,0.25023314356803894
1,0,4,0,0.0006891062948852777,0.0006842593429610133
1,0,5,0,4.0446757054724e-09,8.813280660824319e-10
1,0,6,0,7.617174252461112e-11,6.062262237344074e-12
1,0,7,0,8.45842146324216e-11,8.30666785356371e-11
1,0,8,0,4.046041279792689e-10,4.0459852135299457e-10
1,0,9,0,3.276948746133712e-06,3.2769489735073876e-06
1,0,10,0,2.1141046602224378e-07,2.1141046602224378e-07
1,0,11,0,1.0269646325824708e-13,1.0269616510264964e-13
1,0,12,0,6.663813336841494e-17,5.8016897200820824e-18
1,0,13,0,2.3018533693713872e-14,7.820140205967024e-15
1,0,14,0,4.624813552955853e-12,9.62760253464534e-13
1,0,15,0,2.585817782119193e-08,2.584428848706466e-08
1,0,16,0,1.0333668569728616e-06,1.033296825880825e-06
1,0,17,0,1.8822831293618947e-08,7.794842105113275e-09
1,0,18,0,1.954223080247175e-06,5.92427056744782e-07
1,0,19,0,5.768033020103758e-07,7.183250971820598e-08
1,0,20,0,1.0881645806648521e-07,2.5144091253537226e-08
1,0,21,0,1.0730643680290086e-06,1.0727781045716256e-06
1,0,22,0,8.898006490198895e-05,8.898006490198895e-05
1,0,23,0,1.445738018190923e-08,1.445738018190923e-08
1,0,24,0,1.871352854984241e-15,1.869741163043853e-15
1,0,25,0,2.6435660986368487e-19,1.8604947630012406e-19
1,0,26,0,3.1407588773398494e-18,3.1244491504069882e-18
1,0,27,0,2.904513584397854e-14,2.904513584397854e-14
1,0,28,0,4.6279920867808855e-11,4.6279920867808855e-11
1,0,29,0,1.0917955179257782e-13,1.091795585688414e-13
1,0,30,0,1.5826341646813375e-20,1.5826338415639108e-20
1,0,31,0,1.103138899037504e-25,6.192416973838618e-26
1,0,32,0,9.697865703520088e-22,9.603831464133826e-22
1,1,1,1,0.27550387382507324,0.2739095687866211
1,1,2,0,0.03679106757044792,0.03514980524778366
1,1,3,0,0.03556184098124504,0.034353431314229965
1,1,4,0,0.04324635490775108,0.04161582887172699
1,1,5,0,0.038857828825712204,0.03747629374265671
1,1,6,0,0.03603605180978775,0.03480646386742592
1,1,7,0,0.03282792121171951,0.031778205186128616
1,1,8,0,0.03181079775094986,0.03079301491379738
1,1,9,0,0.030326083302497864,0.029323359951376915
1,1,10,0,0.03117312490940094,0.030138887465000153
1,1,11,0,0.028400998562574387,0.027507618069648743
1,1,12,0,0.024862108752131462,0.024104109033942223
1,1,13,0,0.02158369868993759,0.021007826551795006
1,1,14,0,0.01925962045788765,0.01876259036362171
1,1,15,0,0.02027513086795807,0.019718417897820473
1,1,16,0,0.020466327667236328,0.01987827755510807
1,1,17,0,0.021123139187693596,0.020543033257126808
1,1,18,0,0.01926133781671524,0.018740687519311905
1,1,19,0,0.018770303577184677,0.018283894285559654
1,1,20,0,0.018304646015167236,0.01780235581099987
1,1,21,0,0.01961980015039444,0.019054386764764786
1,1,22,0,0.020799150690436363,0.020160259678959846
1,1,23,0,0.022288555279374123,0.021561281755566597
1,1,24,0,0.02090412937104702,0.02022315375506878
1,1,25,0,0.01843978278338909,0.01785767450928688
1,1,26,0,0.016972018405795097,0.016455944627523422
1,1,27,0,0.01557761337608099,0.01509696152061224
1,1,28,0,0.01572871208190918,0.015215093269944191
1,1,29,0,0.015103599987924099,0.014584948308765888
1,1,30,0,0.013274704106152058,0.012828545644879341
1,1,31,0,0.009077024646103382,0.008807879872620106
1,1,32,0,0.0077726105228066444,0.007577951066195965
2,0,1,1,0.43334680795669556,0.37440818548202515
2,0,2,1,0.3143802285194397,0.2968696057796478
2,0,3,0,0.25147631764411926,0.24969039857387543
2,0,4,0,0.0006896507693454623,0.0006812452920712531
2,0,5,0,1.072991562267589e-08,9.167228087747503e-10
2,0,6,0,4.60054459805459e-11,6.372073875493545e-12
2,0,7,0,8.393958444985472e-11,8.310885313278504e-11
2,0,8,0,3.782072433011763e-10,3.782034130317413e-10
2,0,9,0,5.899593816138804e-06,5.899593816138804e-06
2,0,10,0,1.7505405480733316e-07,1.7505405480733316e-07
2,0,11,0,1.1146431813571084e-13,1.1146406741395845e-13
2,0,12,0,1.858337512152854e-17,2.5860385304671413e-18
2,0,13,0,3.992405771214777e-14,6.671261138728023e-15
2,0,14,0,2.984291416416318e-12,4.716277281907599e-13
2,0,15,0,2.5999081998406837e-08,2.598145343313263e-08
2,0,16,0,1.0173555438086623e-06,1.0158062195841921e-06
2,0,17,0,3.702715911657606e-09,1.028974350170131e-09
2,0,18,0,4.5770303813696955e-07,8.617771385388551e-08
2,0,19,0,7.192479188233847e-06,5.111671725899214e-07
2,0,20,0,9.705846650831518e-07,1.4483072163784527e-07
2,0,21,0,9.602214277038001e-07,9.599267514204257e-07
2,0,22,0,9.029810462379828e-05,9.029810462379828e-05
2,0,23,0,1.4555570970742338e-08,1.4555570970742338e-08
2,0,24,0,1.8736900306439526e-15,1.872108408373192e-15
2,0,25,0,2.401816102269691e-19,1.8026032353620098e-19
2,0,26,0,2.8527261094476065e-18,2.8397269661213357e-18
2,0,27,0,2.9179631123475366e-14,2.9179631123475366e-14
2,0,28,0,3.936360612466494e-11,3.936360612466494e-11
2,0,29,0,1.8677869309795953e-13,1.8677869309795953e-13
2,0,30,0,1.5566487381023817e-20,1.5566485765436683e-20
2,0,31,0,1.0778766146239325e-25,6.364795407581053e-26
2,0,32,0,9.143660751561312e-22,9.066930460120999e-22
2,1,1,1,0.27582865953445435,0.27430441975593567
2,1,2,1,0.037897512316703796,0.03623451665043831
2,1,3,0,0.03595924749970436,0.034686096012592316
2,1,4,0,0.0444340743124485,0.042601652443408966
2,1,5,0,0.039013076573610306,0.0375671461224556
2,1,6,0,0.037074942141771317,0.035714369267225266
2,1,7,0,0.03211396932601929,0.031069455668330193
2,1,8,0,0.030110351741313934,0.029087182134389877
2,1,9,0,0.030982336029410362,0.02995521016418934
2,1,10,0,0.031101413071155548,0.03004330024123192
2,1,11,0,0.02783331088721752,0.02691056579351425
2,1,12,0,0.023651152849197388,0.02295580506324768
2,1,13,0,0.020930849015712738,0.020357541739940643
2,1,14,0,0.01911379210650921,0.018626078963279724
2,1,15,0,0.01967213675379753,0.019157573580741882
2,1,16,0,0.02032606489956379,0.0197842326015234
2,1,17,0,0.02080554887652397,0.02024957351386547
2,1,18,0,0.019897112622857094,0.019376879557967186
2,1,19,0,0.018715763464570045,0.018246430903673172
2,1,20,0,0.018474018201231956,0.01799534261226654
2,1,21,0,0.01909230276942253,0.018570587038993835
2,1,22,0,0.020984897390007973,0.020350877195596695
2,1,23,0,0.02172383852303028,0.021026235073804855
2,1,24,0,0.020404091104865074,0.019745003432035446
2,1,25,0,0.019178995862603188,0.018573017790913582
2,1,26,0,0.016689114272594452,0.016186384484171867
2,1,27,0,0.01622583344578743,0.01572875864803791
2,1,28,0,0.01573813706636429,0.0152131337672472
2,1,29,0,0.015399007126688957,0.014888640493154526
2,1,30,0,0.013162528164684772,0.012703394517302513
2,1,31,0,0.009368079714477062,0.009089760482311249
2,1,32,0,0.008097805082798004,0.007880342192947865
3,0,1,1,0.43416285514831543,0.37675780057907104
3,0,2,1,0.3138849437236786,0.2967071235179901
3,0,3,1,0.2511441111564636,0.24963828921318054
3,0,4,0,0.0007119677029550076,0.0007040845812298357
3,0,5,0,7.397964907340793e-09,7.869236373636568e-10
3,0,6,0,2.9494622022507855e-11,5.629208904567307e-12
3,0,7,0,8.606027696034246e-11,8.518370731014357e-11
3,0,8,0,3.8135591906574007e-10,3.8135283819684673e-10
3,0,9,0,3.5499817840900505e-06,3.5499817840900505e-06
3,0,10,0,1.5774715222960367e-07,1.5774715222960367e-07
3,0,11,0,1.0768619204898702e-13,1.0768596165602537e-13
3,0,12,0,1.1612989624520806e-17,1.926670323529431e-18
3,0,13,0,1.6600478655007418e-14,7.476188078174312e-15
3,0,14,0,1.1736928703237615e-12,2.7098649387803653e-13
3,0,15,0,2.653045072520399e-08,2.6472385172837676e-08
3,0,16,0,1.0185000292040058e-06,1.0181346397075686e-06
3,0,17,0,5.980030692853688e-09,1.5073421399947051e-09
3,0,18,0,5.057003349406841e-08,2.4665819609026585e-08
3,0,19,0,3.764699556541018e-07,3.80858224957592e-08
3,0,20,0,5.7401127406819796e-08,1.1923422249537907e-08
3,0,21,0,9.6023541118484e-07,9.600787507224595e-07
3,0,22,0,8.99294318514876e-05,8.99294318514876e-05
3,0,23,0,1.4499337730455863e-08,1.4499337730455863e-08
3,0,24,0,1.876048593885582e-15,1.8748464423751915e-15
3,0,25,0,2.4754822226842493e-19,1.8754818539840236e-19
3,0,26,0,2.9895525361118405e-18,2.975575872096685e-18
3,0,27,0,2.7794122390992562e-14,2.7794119002860773e-14
3,0,28,0,6.966033999633581e-11,6.96603330574419e-11
3,0,29,0,1.8711753338191556e-13,1.8711754693444271e-13
3,0,30,0,1.6628078377594728e-20,1.6628073530833326e-20
3,0,31,0,1.1253325145297656e-25,6.469675081227769e-26
3,0,32,0,9.482984536776699e-22,9.402607057381623e-22
3,1,1,1,0.275894433259964,0.2743593454360962
3,1,2,1,0.03917178884148598,0.03746036812663078
3,1,3,1,0.03686803579330444,0.03556767478585243
3,1,4,0,0.0442010872066021,0.042329542338848114
3,1,5,0,0.04019081965088844,0.03867804631590843
3,1,6,0,0.03654295951128006,0.03518512845039368
3,1,7,0,0.03182350844144821,0.03078450635075569
3,1,8,0,0.03095736727118492,0.02989516593515873
3,1,9,0,0.0305910874158144,0.029623519629240036
3,1,10,0,0.030264534056186676,0.02918822504580021
3,1,11,0,0.027123749256134033,0.02626459114253521
3,1,12,0,0.022887494415044785,0.022188547998666763
3,1,13,0,0.020677508786320686,0.020143790170550346
3,1,14,0,0.01895073801279068,0.01843247003853321
3,1,15,0,0.019557921215891838,0.019063381478190422
3,1,16,0,0.01989390142261982,0.019349845126271248
3,1,17,0,0.02040545828640461,0.019882382825016975
3,1,18,0,0.01916428655385971,0.01864275150001049
3,1,19,0,0.018937338143587112,0.01849263161420822
3,1,20,0,0.018326466903090477,0.017877010628581047
3,1,21,0,0.019921058788895607,0.019427787512540817
3,1,22,0,0.020751362666487694,0.02013554237782955
3,1,23,0,0.022087089717388153,0.021414248272776604
3,1,24,0,0.020516039803624153,0.01985659822821617
3,1,25,0,0.018680313602089882,0.018141143023967743
3,1,26,0,0.016373127698898315,0.015856923535466194
3,1,27,0,0.016358738765120506,0.015872985124588013
3,1,28,0,0.015990382060408592,0.015458624809980392
3,1,29,0,0.015528300777077675,0.0150149529799819
3,1,30,0,0.013541478663682938,0.013067522086203098
3,1,31,0,0.009784767404198647,0.009500873275101185
3,1,32,0,0.008036885410547256,0.007834543474018574
4,0,1,1,0.43092983961105347,0.37365034222602844
4,0,2,1,0.31660157442092896,0.29794180393218994
4,0,3,1,0.25167205929756165,0.24960318207740784
4,0,4,1,0.0007004397921264172,0.0006964054191485047
4,0,5,0,7.38724992288553e-09,7.588912276368376e-10
4,0,6,0,5.7042481849123305e-11,4.749738363035716e-12
4,0,7,0,8.27512919299167e-11,8.168908605110659e-11
4,0,8,0,3.7425007537450483e-10,3.7424599530488933e-10
4,0,9,0,3.163917426718399e-06,3.1639176540920744e-06
4,0,10,0,1.350866654092897e-07,1.350866654092897e-07
4,0,11,0,1.1233379406793559e-13,1.1233359078002825e-13
4,0,12,0,2.3884103996723502e-17,2.7336900630127036e-18
4,0,13,0,1.7313444921436202e-14,5.686316404584146e-15
4,0,14,0,6.872712576995454e-13,1.5583643045696122e-13
4,0,15,0,2.6139039377426343e-08,2.6084855164754117e-08
4,0,16,0,1.0214985195489135e-06,1.0214309895673068e-06
4,0,17,0,1.5898167227135218e-09,4.0566336401148817e-10
4,0,18,0,2.0616086615632412e-08,5.5280935384871555e-09
4,0,19,0,4.814978638023604e-07,6.939426100416313e-08
4,0,20,0,6.448728839814066e-08,2.0444963055865628e-08
4,0,21,0,8.908854169931146e-07,8.906922062124067e-07
4,0,22,0,9.031570516526699e-05,9.031570516526699e-05
4,0,23,0,1.4541075010754412e-08,1.4541075010754412e-08
4,0,24,0,1.8454054829527633e-15,1.8439549390305903e-15
4,0,25,0,2.656595485754266e-19,1.8805018063264548e-19
4,0,26,0,2.8588886050111265e-18,2.845103226512624e-18
4,0,27,0,2.670886481545478e-14,2.670886481545478e-14
4,0,28,0,3.9782375310659646e-11,3.9782375310659646e-11
4,0,29,0,1.594523260173633e-13,1.594523260173633e-13
4,0,30,0,1.5296677867315212e-20,1.5296676251728078e-20
4,0,31,0,1.1373077928495698e-25,6.566539804817923e-26
4,0,32,0,9.035287166619794e-22,8.961980910161374e-22
4,1,1,1,0.27605101466178894,0.27464380860328674
4,1,2,1,0.03800278902053833,0.0363757498562336
4,1,3,1,0.037081483751535416,0.03578439727425575
4,1,4,1,0.045655980706214905,0.04370800033211708
4,1,5,0,0.04017990455031395,0.038692656904459
4,1,6,0,0.037813201546669006,0.03638570383191109
4,1,7,0,0.03266869857907295,0.03162705525755882
4,1,8,0,0.03126269206404686,0.030209822580218315
4,1,9,0,0.030011262744665146,0.029053444042801857
4,1,10,0,0.030795078724622726,0.029716283082962036
4,1,11,0,0.027637077495455742,0.026759622618556023
4,1,12,0,0.023020990192890167,0.022314807400107384
4,1,13,0,0.020541654899716377,0.020019803196191788
4,1,14,0,0.01860390417277813,0.01810307987034321
4,1,15,0,0.01942461170256138,0.01896192692220211
4,1,16,0,0.01935724914073944,0.018814807757735252
4,1,17,0,0.020445244386792183,0.019942617043852806
4,1,18,0,0.019132528454065323,0.018622446805238724
4,1,19,0,0.019289478659629822,0.018856042996048927
4,1,20,0,0.018025923520326614,0.017573470249772072
4,1,21,0,0.019645504653453827,0.019164787605404854
4,1,22,0,0.020181212574243546,0.01956249587237835
4,1,23,0,0.021824931725859642,0.02117626555263996
4,1,24,0,0.020791208371520042,0.020130079239606857
4,1,25,0,0.018523644655942917,0.01800650544464588
4,1,26,0,0.016514066606760025,0.01601226069033146
4,1,27,0,0.015724975615739822,0.015275256708264351
4,1,28,0,0.015859847888350487,0.015345016494393349
4,1,29,0,0.015441574156284332,0.014938960783183575
4,1,30,0,0.013352428562939167,0.012892166152596474
4,1,31,0,0.009038767777383327,0.008782986551523209
4,1,32,0,0.008101061917841434,0.007912089116871357
5,0,1,1,0.4301266670227051,0.37382772564888
5,0,2,1,0.3169676661491394,0.29852747917175293
5,0,3,1,0.2521270513534546,0.24993155896663666
5,0,4,1,0.0006836812826804817,0.0006793198408558965
5,0,5,1,9.282238089269867e-09,7.929507606085906e-10
5,0,6,0,3.8384379008604697e-11,4.886445848645282e-12
5,0,7,0,7.874301211074908e-11,7.787259032054905e-11
5,0,8,0,3.6027580918585045e-10,3.6026956418133693e-10
5,0,9,0,2.745142637650133e-06,2.745142637650133e-06
5,0,10,0,1.2646839309127245e-07,1.2646837888041773e-07
5,0,11,0,1.0236131603794107e-13,1.0236111275003373e-13
5,0,12,0,1.3874939824965437e-17,2.27896158333209e-18
5,0,13,0,8.700891840785624e-15,5.197638956874143e-15
5,0,14,0,1.0700007720132465e-11,8.034804375653404e-13
5,0,15,0,2.549250766037403e-08,2.5464570896360783e-08
5,0,16,0,9.976944284062483e-07,9.976095043384703e-07
5,0,17,0,5.55965318227436e-09,2.5189297314653913e-09
5,0,18,0,6.011662634364257e-08,1.4760808575431383e-08
5,0,19,0,1.78169295850239e-06,2.4137202103702293e-07
5,0,20,0,3.9256241279872484e-07,9.04265249346281e-08
5,0,21,0,9.002201863950177e-07,9.00051816188352e-07
5,0,22,0,8.779529889579862e-05,8.779529889579862e-05
5,0,23,0,1.4245392421230463e-08,1.4245392421230463e-08
5,0,24,0,1.819247411475656e-15,1.8178982997489167e-15
5,0,25,0,2.4791205249097755e-19,1.8052005824854263e-19
5,0,26,0,2.957656865282102e-18,2.9435242777214804e-18
5,0,27,0,2.6632384516581294e-14,2.6632384516581294e-14
5,0,28,0,7.008982283451815e-11,7.008983671230595e-11
5,0,29,0,1.4640040210938537e-13,1.4640040210938537e-13
5,0,30,0,1.5397789388089882e-20,1.5397786156915614e-20
5,0,31,0,1.2965502134058779e-25,6.419221263363063e-26
5,0,32,0,9.20036281125115e-22,9.122537959527624e-22
5,1,1,1,0.27688074111938477,0.27550995349884033
5,1,2,1,0.0374225415289402,0.03586772084236145
5,1,3,1,0.0377696231007576,0.0364813469350338
5,1,4,1,0.046282391995191574,0.04433049261569977
5,1,5,1,0.040472403168678284,0.03897003456950188
5,1,6,0,0.03794854134321213,0.03652697801589966
5,1,7,0,0.03229035064578056,0.031286563724279404
5,1,8,0,0.0310722216963768,0.029974315315485
5,1,9,0,0.03087613359093666,0.0299052856862545
5,1,10,0,0.03123518079519272,0.0301276333630085
5,1,11,0,0.027638796716928482,0.02680567465722561
5,1,12,0,0.022760100662708282,0.022073635831475258
5,1,13,0,0.020828740671277046,0.02031823620200157
5,1,14,0,0.01842387020587921,0.01795034296810627
5,1,15,0,0.01989043317735195,0.019437391310930252
5,1,16,0,0.0197517778724432,0.019195402041077614
5,1,17,0,0.020514314994215965,0.019990738481283188
5,1,18,0,0.018942832946777344,0.018429648131132126
5,1,19,0,0.0185541994869709,0.018146857619285583
5,1,20,0,0.017785919830203056,0.017344119027256966
5,1,21,0,0.01937970146536827,0.01890445500612259
5,1,22,0,0.020062929019331932,0.01946018636226654
5,1,23,0,0.02167689986526966,0.021048957481980324
5,1,24,0,0.020210333168506622,0.01956087537109852
5,1,25,0,0.018329676240682602,0.017819955945014954
5,1,26,0,0.01589481346309185,0.015409941785037518
5,1,27,0,0.01583569496870041,0.015378981828689575
5,1,28,0,0.015568705275654793,0.015053965151309967
5,1,29,0,0.015271225944161415,0.014804957434535027
5,1,30,0,0.01327519305050373,0.012826315127313137
5,1,31,0,0.009265197440981865,0.00900734681636095
5,1,32,0,0.007888516411185265,0.007686000317335129
6,0,1,1,0.43178677558898926,0.3747331202030182
6,0,2,1,0.31624549627304077,0.2975899577140808
6,0,3,1,0.25118666887283325,0.249236598610878
6,0,4,1,0.0006868882919661701,0.0006844933959655464
6,0,5,1,5.572167172118725e-09,7.094739795654448e-10
6,0,6,1,3.3195286797127466e-11,5.183484284160267e-12
6,0,7,0,8.100992793247386e-11,8.022241898553162e-11
6,0,8,0,3.8051925499438255e-10,3.8051534145822075e-10
6,0,9,0,3.099886498603155e-06,3.099886498603155e-06
6,0,10,0,1.3186171088364063e-07,1.3186171088364063e-07
6,0,11,0,1.0955216497420678e-13,1.0955188714740008e-13
6,0,12,0,1.241457313301838e-17,1.4162505649401893e-18
6,0,13,0,9.069689138987199e-15,5.369766216151584e-15
6,0,14,0,1.4870871461319934e-12,2.0542125129825034e-13
6,0,15,0,2.5761510258348608e-08,2.575084501188485e-08
6,0,16,0,9.985033102566376e-07,9.984295274989563e-07
6,0,17,0,1.280377470713745e-09,3.0268793027588003e-10
6,0,18,0,1.6589650542186973e-08,3.2724227772007453e-09
6,0,19,0,3.548372546902101e-07,6.239370975436032e-08
6,0,20,0,3.8910215494070144e-08,7.225514853104187e-09
6,0,21,0,8.778582127888512e-07,8.777448101682239e-07
6,0,22,0,8.86243797140196e-05,8.862437243806198e-05
6,0,23,0,1.4381426716170154e-08,1.4381426716170154e-08
6,0,24,0,1.8383105232283245e-15,1.8371189596297745e-15
6,0,25,0,2.452948013340715e-19,1.795587451297853e-19
6,0,26,0,2.8355435001733487e-18,2.8206515608104034e-18
6,0,27,0,2.776796262544956e-14,2.776796262544956e-14
6,0,28,0,4.7304712230689105e-11,4.7304708761242154e-11
6,0,29,0,1.3710494057347228e-13,1.3710494057347228e-13
6,0,30,0,1.5197774854152572e-20,1.519777000739117e-20
6,0,31,0,1.1162766378568612e-25,6.08558486945148e-26
6,0,32,0,9.037263231632936e-22,8.964546664478388e-22
6,1,1,1,0.27599045634269714,0.27458569407463074
6,1,2,1,0.03708885237574577,0.035572513937950134
6,1,3,1,0.03684704378247261,0.0356069877743721
6,1,4,1,0.0455642007291317,0.04364119470119476
6,1,5,1,0.04107610881328583,0.039603348821401596
6,1,6,1,0.03754992038011551,0.03610150143504143
6,1,7,0,0.03316952660679817,0.03212616592645645
6,1,8,0,0.0317881815135479,0.030685652047395706
6,1,9,0,0.03089289180934429,0.029921943321824074
6,1,10,0,0.03124658577144146,0.03009916841983795
6,1,11,0,0.027320588007569313,0.02647935412824154
6,1,12,0,0.023689571768045425,0.022965483367443085
6,1,13,0,0.021220888942480087,0.020684797316789627
6,1,14,0,0.01847865805029869,0.017982957884669304
6,1,15,0,0.0193222276866436,0.01886575296521187
6,1,16,0,0.01987493969500065,0.01931784301996231
6,1,17,0,0.020585937425494194,0.02005756087601185
6,1,18,0,0.01886916533112526,0.018377451226115227
6,1,19,0,0.019027939066290855,0.018584761768579483
6,1,20,0,0.018365802243351936,0.01789068803191185
6,1,21,0,0.019135499373078346,0.018663832917809486
6,1,22,0,0.01993904635310173,0.019330190494656563
6,1,23,0,0.021343179047107697,0.020717287436127663
6,1,24,0,0.020094428211450577,0.01943564973771572
6,1,25,0,0.01870741881430149,0.01816544122993946
6,1,26,0,0.016145316883921623,0.015672549605369568
6,1,27,0,0.016097502782940865,0.01564466580748558
6,1,28,0,0.01545110996812582,0.01495195273309946
6,1,29,0,0.015149058774113655,0.014652667567133904
6,1,30,0,0.012877363711595535,0.012451759539544582
6,1,31,0,0.00920137669891119,0.008934116922318935
6,1,32,0,0.007889256812632084,0.007696689106523991
7,0,1,1,0.4292287826538086,0.3763763904571533
7,0,2,1,0.31840547919273376,0.3004406988620758
7,0,3,1,0.25157150626182556,0.24971364438533783
7,0,4,1,0.0006997879245318472,0.0006972916889935732
7,0,5,1,4.95760232865905e-09,6.856285539313944e-10
7,0,6,1,1.1481984807382162e-10,7.46228166065288e-12
7,0,7,1,8.194627615365491e-11,8.095718539991026e-11
7,0,8,0,3.632771861106221e-10,3.632725786850699e-10
7,0,9,0,3.201306753908284e-06,3.2013069812819595e-06
7,0,10,0,1.5508707917888387e-07,1.5508707917888387e-07
7,0,11,0,9.847960120989985e-14,9.847945213210113e-14
7,0,12,0,1.3645991947842397e-17,1.9658805457208226e-18
7,0,13,0,9.681668749312537e-15,5.326941077371354e-15
7,0,14,0,9.676295138413837e-13,1.1995863558132008e-13
7,0,15,0,2.5783798207612563e-08,2.5776834888802114e-08
7,0,16,0,9.846203283814248e-07,9.84261646408413e-07
7,0,17,0,1.3215294414337109e-09,3.493183797775856e-10
7,0,18,0,7.253606781887356e-08,5.026132399166272e-09
7,0,19,0,7.678802944610652e-07,1.1219636775194886e-07
7,0,20,0,5.035933980934715e-08,1.6534228208797686e-08
7,0,21,0,8.92581283551408e-07,8.9242200829176e-07
7,0,22,0,8.830487058730796e-05,8.830487786326557e-05
7,0,23,0,1.4183657803812366e-08,1.4183657803812366e-08
7,0,24,0,1.816491801540001e-15,1.815215958163199e-15
7,0,25,0,2.4316176102823865e-19,1.8094864120342167e-19
7,0,26,0,2.792706090995912e-18,2.780058292634823e-18
7,0,27,0,2.495494079662961e-14,2.4954939102563717e-14
7,0,28,0,3.5338138665297336e-11,3.533813172640343e-11
7,0,29,0,1.5379628722899524e-13,1.5379627367646809e-13
7,0,30,0,1.4748623859471948e-20,1.4748619012710546e-20
7,0,31,0,9.79553361175735e-26,6.073146751647441e-26
7,0,32,0,8.913550656597067e-22,8.845420337418856e-22
7,1,1,1,0.2760756313800812,0.27471643686294556
7,1,2,1,0.0381816029548645,0.03659132122993469
7,1,3,1,0.03698578476905823,0.03575516864657402
7,1,4,1,0.04685424268245697,0.04493224248290062
7,1,5,1,0.041284866631031036,0.03980083018541336
7,1,6,1,0.03848807513713837,0.03706580027937889
7,1,7,1,0.03308575972914696,0.032055340707302094
7,1,8,0,0.032060686498880386,0.030955621972680092
7,1,9,0,0.030840979889035225,0.02986539714038372
7,1,10,0,0.030991284176707268,0.029923390597105026
7,1,11,0,0.028036465868353844,0.027171717956662178
7,1,12,0,0.023240862414240837,0.022526973858475685
7,1,13,0,0.02067399211227894,0.020149579271674156
7,1,14,0,0.018470674753189087,0.01797652244567871
7,1,15,0,0.019457846879959106,0.01899118907749653
7,1,16,0,0.019995635375380516,0.019435826689004898
7,1,17,0,0.020511703565716743,0.020014598965644836
7,1,18,0,0.019327398389577866,0.018831083551049232
7,1,19,0,0.018458276987075806,0.018039505928754807
7,1,20,0,0.018162889406085014,0.017690107226371765
7,1,21,0,0.019186997786164284,0.018712937831878662
7,1,22,0,0.020177321508526802,0.019554447382688522
7,1,23,0,0.02132822573184967,0.020702648907899857
7,1,24,0,0.019828448072075844,0.0191902257502079
7,1,25,0,0.018192574381828308,0.01768025942146778
7,1,26,0,0.015750838443636894,0.015268547460436821
7,1,27,0,0.01517956517636776,0.014758477918803692
7,1,28,0,0.01514980848878622,0.014657641761004925
7,1,29,0,0.014834568835794926,0.014369460754096508
7,1,30,0,0.012498563155531883,0.012069378979504108
7,1,31,0,0.008818051777780056,0.00856898445636034
7,1,32,0,0.007870364002883434,0.0076736584305763245
